id,name,address,area_id,vibe_tags,price_per_person,transport_matrix,active,price_updated_at,price_source,is_featured,category,has_food,typical_duration_hours,address_slug,subcategory,price_tier,crowd_type,best_daypart,days_open,instagram_handle,trending_score,verified_by,zone,verified_venue,verification_source,verification_date,verification_expiry,opening_hours,contact_number,contact_email,logo_url,cover_url,secondary_experience,food_type
dcd0019c-bfaa-465c-a671-3213c8d12ee6,A Wiseguys Lounge & Bar,Yaba,33333333-3333-3333-3333-333333333333,"Chill,Dinner,Squad Linkup,Lounge,Party",25000,[object Object],true,2026-07-25T21:15:32.986241,manual_verification,false,restaurant,true,2,yaba,,2,,,"Monday,Tuesday,Wednesday,Thursday,Friday,Saturday,Sunday",@awiseguyslounge,0,owner_verified,central,false,,,,[object Object],,,,,,
1d45a02e-3ea9-4020-ae54-7eba31e87004,Akoka Food Spots,"Akoka, around UNILAG, Yaba",33333333-3333-3333-3333-333333333333,"Chill,Dinner",25000,[object Object],true,2026-07-25T21:43:22.58448,manual,false,restaurant,true,2,yaba,,2,,,"Monday,Tuesday,Wednesday,Thursday,Friday,Saturday,Sunday",,0,seed,central,false,,,,[object Object],,,,,,
7e1cac2e-03af-4c7b-8111-d2861bb9beba,B-Natural Wellness Lounge,Yaba,33333333-3333-3333-3333-333333333333,"Chill,Dinner,Squad Linkup,Lounge,Party",25000,[object Object],true,2026-07-25T21:15:32.986241,manual_verification,false,restaurant,true,2,yaba,,2,,,"Monday,Tuesday,Wednesday,Thursday,Friday,Saturday,Sunday",@bnaturalspa,0,owner_verified,central,false,,,,[object Object],,,,,,
1a238fdf-69d5-44cf-ac7d-bb02e75fc1c3,Bamboo Courtyard Yaba,Yaba,33333333-3333-3333-3333-333333333333,"Chill,Dinner,Squad Linkup,Lounge,Party",20000,[object Object],true,2026-07-25T21:15:32.986241,manual_verification,false,restaurant,true,2,yaba,,2,,,"Monday,Tuesday,Wednesday,Thursday,Friday,Saturday,Sunday",@bamboocourtyardyaba,0,owner_verified,central,false,,,,[object Object],,,,,,
3be182b8-a000-47ed-82b0-67d96af316ea,Banilux Bar,Yaba,33333333-3333-3333-3333-333333333333,"Chill,Dinner,Squad Linkup,Lounge,Party",25000,[object Object],true,2026-07-25T21:43:22.58448,manual,false,restaurant,true,2,yaba,,2,,,"Monday,Tuesday,Wednesday,Thursday,Friday,Saturday,Sunday",,0,seed,central,false,,,,[object Object],,,,,,
6117af7f-4759-4763-a67d-24f5622639ce,Banilux Bar & Lounge,Yaba,33333333-3333-3333-3333-333333333333,"Chill,Dinner,Squad Linkup,Lounge,Party",20000,[object Object],true,2026-07-25T21:15:32.986241,manual_verification,false,restaurant,true,2,yaba,,2,,,"Monday,Tuesday,Wednesday,Thursday,Friday,Saturday,Sunday",@baniluxbar,0,owner_verified,central,false,,,,[object Object],,,,,,
7e219eff-ac9e-400d-8f58-de08c43f17ab,Bature Brewery,Yaba,33333333-3333-3333-3333-333333333333,"Party,Chill",10000,[object Object],true,2025-01-01T00:00:00,instagram,false,bar,true,3,yaba,rooftop,3,young-professionals,night,"Monday,Tuesday,Wednesday,Thursday,Friday,Saturday,Sunday",,8,seed,central,false,,,,[object Object],,,,,,
8b52194d-c5e0-499b-b360-e01b037aa014,BC's Wine Bar & Bistro,Yaba,33333333-3333-3333-3333-333333333333,"Chill,Dinner,Squad Linkup,Lounge,Party",20000,[object Object],true,2026-07-25T21:15:32.986241,manual_verification,false,restaurant,true,2,yaba,,2,,,"Monday,Tuesday,Wednesday,Thursday,Friday,Saturday,Sunday",@bcwinebar,0,owner_verified,central,false,,,,[object Object],,,,,,
92916954-c11b-42a3-86fb-41b8f8bf74e2,Big Treat Yaba,Yaba,33333333-3333-3333-3333-333333333333,"Chill,Dinner,Brunch",25000,[object Object],true,2026-07-25T21:43:22.58448,manual,false,restaurant,true,2,yaba,,2,,,"Monday,Tuesday,Wednesday,Thursday,Friday,Saturday,Sunday",,0,seed,central,false,,,,[object Object],,,,,,
a9438ca6-9129-4351-8c63-329b7387f500,Bistro 7 Yaba,Yaba,33333333-3333-3333-3333-333333333333,"Chill,Dinner,Brunch",25000,[object Object],true,2026-07-25T21:15:32.986241,manual_verification,false,restaurant,true,2,yaba,,2,,,"Monday,Tuesday,Wednesday,Thursday,Friday,Saturday,Sunday",@bistro7yaba,0,owner_verified,central,false,,,,[object Object],,,,,,
6fd59cd8-f08e-4404-a08f-e6c1c587c9cf,Bukka Hut Surulere,Adeniran Ogunsanya,44444444-4444-4444-4444-444444444444,"Foodie,Quick",4000,[object Object],true,2025-01-01T00:00:00,chowdeck,false,restaurant,true,1,surulere,local-buka,2,mixed,afternoon,"Monday,Tuesday,Wednesday,Thursday,Friday,Saturday,Sunday",,0,seed,central,false,,,,[object Object],,,,,,
0fb995ed-c71b-4ab0-a1ea-6e5b4d3fc8da,Bukka Hut Yaba,"271 Herbert Macaulay Way, Yaba, Lagos",33333333-3333-3333-3333-333333333333,"Chill,Dinner",25000,[object Object],true,2026-07-25T21:43:22.58448,manual,false,restaurant,true,2,yaba,,2,,,"Monday,Tuesday,Wednesday,Thursday,Friday,Saturday,Sunday",,0,seed,central,false,,,,[object Object],,,,,,
86006c59-d45f-4db0-96f2-625c83658edd,Cafe Neo Yaba,Yaba,33333333-3333-3333-3333-333333333333,"Chill,Dinner,Brunch",25000,[object Object],true,2026-07-25T21:43:22.58448,manual,false,restaurant,true,2,yaba,,2,,,"Monday,Tuesday,Wednesday,Thursday,Friday,Saturday,Sunday",,0,seed,central,false,,,,[object Object],,,,,,
18bb9328-9fa6-4ae6-a0b3-3e35b09abb94,Café One Lagos,"E-Centre, Commercial Avenue, Sabo, Yaba",33333333-3333-3333-3333-333333333333,"Chill,Dinner,Brunch",10000,[object Object],true,2026-07-25T21:43:22.58448,manual,false,restaurant,true,2,yaba,,2,,,"Monday,Tuesday,Wednesday,Thursday,Friday,Saturday,Sunday",,0,seed,central,false,,,,[object Object],,,,,,
b10f75a7-55cf-4545-b7f6-e8df8b51450d,Cafe One Yaba,Yaba,33333333-3333-3333-3333-333333333333,"Chill,Dinner,Squad Linkup,Lounge,Party",20000,[object Object],true,2026-07-25T21:15:32.986241,manual_verification,false,cafe,true,2,yaba,,2,,,"Monday,Tuesday,Wednesday,Thursday,Friday,Saturday,Sunday",@cafeone_ng,0,owner_verified,central,false,,,,[object Object],,,,,workspace,pastries
b3df3bca-d9c0-42f7-8e3f-da5488ca2fa3,Café Royale,Bode Thomas,44444444-4444-4444-4444-444444444444,"Chill,Quick",5500,[object Object],true,2025-01-01T00:00:00,manual,false,cafe,true,2,surulere,cafe,2,young-professionals,morning,"Monday,Tuesday,Wednesday,Thursday,Friday,Saturday,Sunday",,0,seed,central,false,,,,[object Object],,,,,,
eea66ba6-1644-4138-88d7-4658ad0a1186,Chicken Republic Akoka,"Akoka area, Yaba, near UNILAG",33333333-3333-3333-3333-333333333333,"Chill,Dinner",25000,[object Object],true,2026-07-25T21:43:22.58448,manual,false,restaurant,true,2,yaba,,2,,,"Monday,Tuesday,Wednesday,Thursday,Friday,Saturday,Sunday",,0,seed,central,false,,,,[object Object],,,,,,
97f8095b-ada0-489b-962b-6da43f17f78a,Chicken Republic E-Centre Yaba,"E-Centre, Commercial Avenue, Sabo, Yaba",33333333-3333-3333-3333-333333333333,"Chill,Dinner",25000,[object Object],true,2026-07-25T21:43:22.58448,manual,false,restaurant,true,2,yaba,,2,,,"Monday,Tuesday,Wednesday,Thursday,Friday,Saturday,Sunday",,0,seed,central,false,,,,[object Object],,,,,,
abd18a37-81ed-4c51-a854-b939d6b4c814,Chicken Republic Yaba,"Yaba, Herbert Macaulay or E-Centre area",33333333-3333-3333-3333-333333333333,"Chill,Dinner",25000,[object Object],true,2026-07-25T21:43:22.58448,manual,false,restaurant,true,2,yaba,,2,,,"Monday,Tuesday,Wednesday,Thursday,Friday,Saturday,Sunday",,0,seed,central,false,,,,[object Object],,,,,,
788d639b-2dd7-430a-8233-21d7e045a018,Chill Out Lounge Yaba,Yaba,33333333-3333-3333-3333-333333333333,"Chill,Dinner,Squad Linkup,Lounge,Party,Nature",20000,[object Object],true,2026-07-25T21:15:32.986241,manual_verification,false,restaurant,true,2,yaba,,2,,,"Monday,Tuesday,Wednesday,Thursday,Friday,Saturday,Sunday",@chilloutloungeyaba,0,owner_verified,central,false,,,,[object Object],,,,,,
5dea1142-8440-47a8-8f80-03e8e471d807,Club 360 & Lounge,Yaba,33333333-3333-3333-3333-333333333333,"Chill,Dinner,Squad Linkup,Lounge,Party",25000,[object Object],true,2026-07-25T21:15:32.986241,manual_verification,false,restaurant,true,2,yaba,,2,,,"Monday,Tuesday,Wednesday,Thursday,Friday,Saturday,Sunday",@club360yaba,0,owner_verified,central,false,,,,[object Object],,,,,,
4b896a96-c669-4609-921a-024242de4eb3,Club Vegas Yaba Axis,Yaba,33333333-3333-3333-3333-333333333333,"Chill,Dinner,Date Night,Squad Linkup,Lounge,Party",30000,[object Object],true,2026-07-25T21:15:32.986241,manual_verification,false,restaurant,true,2,yaba,,2,,,"Monday,Tuesday,Wednesday,Thursday,Friday,Saturday,Sunday",@clubvegaslagos,0,owner_verified,central,false,,,,[object Object],,,,,,
c737c3d5-8f3c-43b2-af96-508a5f050ba3,Cold Stone Creamery Yaba,"Sabo, Yaba area",33333333-3333-3333-3333-333333333333,"Chill,Dinner",25000,[object Object],true,2026-07-25T21:43:22.58448,manual,false,restaurant,true,2,yaba,,2,,,"Monday,Tuesday,Wednesday,Thursday,Friday,Saturday,Sunday",,0,seed,central,false,,,,[object Object],,,,,,
f727e4dd-004d-4a2b-9085-4c245e4b95b3,Commercial Avenue Food Cluster,"Commercial Avenue, around E-Centre, Sabo, Yaba",33333333-3333-3333-3333-333333333333,"Chill,Dinner",25000,[object Object],true,2026-07-25T21:43:22.58448,manual,false,restaurant,true,2,yaba,,2,,,"Monday,Tuesday,Wednesday,Thursday,Friday,Saturday,Sunday",,0,seed,central,false,,,,[object Object],,,,,,
fbc14b01-f5e9-4bb7-bdde-a62277c94cd5,Debonairs Pizza Yaba,Yaba area,33333333-3333-3333-3333-333333333333,"Chill,Dinner",25000,[object Object],true,2026-07-25T21:43:22.58448,manual,false,restaurant,true,2,yaba,,2,,,"Monday,Tuesday,Wednesday,Thursday,Friday,Saturday,Sunday",,0,seed,central,false,,,,[object Object],,,,,,
167c286d-4092-4498-9479-9028e6b76187,Domino's Pizza Sabo Yaba,"344 Herbert Macaulay Road (off Harvey Road, near St Agnes), Yaba",33333333-3333-3333-3333-333333333333,"Chill,Dinner",25000,[object Object],true,2026-07-25T21:43:22.58448,manual,false,restaurant,true,2,yaba,,2,,,"Monday,Tuesday,Wednesday,Thursday,Friday,Saturday,Sunday",,0,seed,central,false,,,,[object Object],,,,,,
99831229-24e2-43eb-9efa-0fe3733e3e73,Dynasty Asian Grill & Bar,Yaba,33333333-3333-3333-3333-333333333333,"Chill,Dinner",25000,[object Object],true,2026-07-25T21:15:32.986241,manual_verification,false,restaurant,true,2,yaba,,2,,,"Monday,Tuesday,Wednesday,Thursday,Friday,Saturday,Sunday",@dynastyasianyaba,0,owner_verified,central,false,,,,[object Object],,,,,,
35ee4079-bda3-49f0-a45c-f5e71b645133,E-Center,"Commercial Ave, Yaba",33333333-3333-3333-3333-333333333333,"Chill,Quick",5000,[object Object],true,2025-01-01T00:00:00,manual,false,entertainment,true,3,yaba,cinema,2,students,afternoon,"Monday,Tuesday,Wednesday,Thursday,Friday,Saturday,Sunday",,0,seed,central,false,,,,[object Object],,,,,,
e0eccb28-5fe3-4ca2-aeac-b9d4f020772c,Echoes Karaoke & Lounge,Yaba,33333333-3333-3333-3333-333333333333,"Chill,Dinner",25000,[object Object],true,2026-07-25T21:15:32.986241,manual_verification,false,restaurant,true,2,yaba,,2,,,"Monday,Tuesday,Wednesday,Thursday,Friday,Saturday,Sunday",@echoeskaraokeyaba,0,owner_verified,central,false,,,,[object Object],,,,,,
bcfee2c7-d33f-4ef2-a9e1-6e66f7edd9e9,Eni Afe Lamo,"Old Yaba Road, Yaba",33333333-3333-3333-3333-333333333333,"Chill,Dinner",25000,[object Object],true,2026-07-25T21:43:22.58448,manual,false,restaurant,true,2,yaba,,2,,,"Monday,Tuesday,Wednesday,Thursday,Friday,Saturday,Sunday",,0,seed,central,false,,,,[object Object],,,,,,
37b3b8f3-9f03-4ade-b70d-a1c43c5a541b,Green Terrace Garden & Lounge,Yaba,33333333-3333-3333-3333-333333333333,"Chill,Dinner,Squad Linkup,Lounge,Party",20000,[object Object],true,2026-07-25T21:15:32.986241,manual_verification,false,restaurant,true,2,yaba,,2,,,"Monday,Tuesday,Wednesday,Thursday,Friday,Saturday,Sunday",@greenterraceyaba,0,owner_verified,central,false,,,,[object Object],,,,,,
fec0f589-30e8-48a0-8e1a-31429beaabaa,Ground Zero Arcade & Hangout,Yaba,33333333-3333-3333-3333-333333333333,"Chill,Dinner,Squad Linkup,Lounge,Party",20000,[object Object],true,2026-07-25T21:15:32.986241,manual_verification,false,restaurant,true,2,yaba,,2,,,"Monday,Tuesday,Wednesday,Thursday,Friday,Saturday,Sunday",@groundzeroyaba,0,owner_verified,central,false,,,,[object Object],,,,,,
843a3cd5-b141-4afd-ae46-1df2f3dc682c,KFC Yaba,"282 Herbert Macaulay Way, Yaba (historical; some reports of status changes)",33333333-3333-3333-3333-333333333333,"Chill,Dinner",25000,[object Object],true,2026-07-25T21:43:22.58448,manual,false,restaurant,true,2,yaba,,2,,,"Monday,Tuesday,Wednesday,Thursday,Friday,Saturday,Sunday",,0,seed,central,false,,,,[object Object],,,,,,
57798fc8-4ecf-4e6e-875b-46d0544c405f,Kilo Hotel Bar,Surulere,44444444-4444-4444-4444-444444444444,"Party,Chill",7500,[object Object],true,2025-01-01T00:00:00,manual,false,bar,true,3,surulere,hotel-bar,2,mixed,night,"Monday,Tuesday,Wednesday,Thursday,Friday,Saturday,Sunday",,0,seed,central,false,,,,[object Object],,,,,,
8ea2fca9-9610-4fb1-a023-b627dc6a9a4d,Kobis Foods Yaba,Yaba,33333333-3333-3333-3333-333333333333,"Chill,Dinner",25000,[object Object],true,2026-07-25T21:43:22.58448,manual,false,restaurant,true,2,yaba,,2,,,"Monday,Tuesday,Wednesday,Thursday,Friday,Saturday,Sunday",,0,seed,central,false,,,,[object Object],,,,,,
0a570ac8-3373-4aff-9b27-d287a3cb1772,Lagoon Front Bar & Lounge,Yaba,33333333-3333-3333-3333-333333333333,"Chill,Dinner",20000,[object Object],true,2026-07-25T21:15:32.986241,manual_verification,false,restaurant,true,2,yaba,,2,,,"Monday,Tuesday,Wednesday,Thursday,Friday,Saturday,Sunday",@lagoonfrontyaba,0,owner_verified,central,false,,,,[object Object],,,,,,
53665c2d-98c8-4275-b291-b1e09a79fb04,Leisure Mall,"Adeniran Ogunsanya, Surulere",44444444-4444-4444-4444-444444444444,"Chill,Quick",6000,[object Object],true,2025-01-01T00:00:00,manual,false,entertainment,true,3,surulere,shopping,2,families,afternoon,"Monday,Tuesday,Wednesday,Thursday,Friday,Saturday,Sunday",,0,seed,central,false,,,,[object Object],,,,,,
766023f9-e8f3-4da6-af6d-3f5fd4b78e61,Metro Lounge Yaba,Yaba,33333333-3333-3333-3333-333333333333,"Chill,Dinner,Squad Linkup,Lounge,Party",20000,[object Object],true,2026-07-25T21:15:32.986241,manual_verification,false,restaurant,true,2,yaba,,2,,,"Monday,Tuesday,Wednesday,Thursday,Friday,Saturday,Sunday",@metroloungeyaba,0,owner_verified,central,false,,,,[object Object],,,,,,
5970c62e-3f27-4424-b76d-cfd92313252b,Mr Bigg's Yaba,Yaba area,33333333-3333-3333-3333-333333333333,"Chill,Dinner",25000,[object Object],true,2026-07-25T21:43:22.58448,manual,false,restaurant,true,2,yaba,,2,,,"Monday,Tuesday,Wednesday,Thursday,Friday,Saturday,Sunday",,0,seed,central,false,,,,[object Object],,,,,,
6975a90c-a97f-49c7-8937-8671a1d0be92,Olaiya Food Canteen Yaba,Yaba,33333333-3333-3333-3333-333333333333,"Chill,Dinner",25000,[object Object],true,2026-07-25T21:43:22.58448,manual,false,restaurant,true,2,yaba,,2,,,"Monday,Tuesday,Wednesday,Thursday,Friday,Saturday,Sunday",,0,seed,central,false,,,,[object Object],,,,,,
a82ec415-4eeb-41fa-94cb-9092eb9c91d0,Oshey Café & Bar Yaba,Yaba,33333333-3333-3333-3333-333333333333,"Chill,Dinner",20000,[object Object],true,2026-07-25T21:15:32.986241,manual_verification,false,restaurant,true,2,yaba,,2,,,"Monday,Tuesday,Wednesday,Thursday,Friday,Saturday,Sunday",@osheycafebar,0,owner_verified,central,false,,,,[object Object],,,,,,
a6fded7d-2b00-41e2-bc5f-f7b0f2a112d8,Ozone Cinemas,"E-Centre, Commercial Avenue, Sabo, Yaba",33333333-3333-3333-3333-333333333333,"Chill,Dinner,Squad Linkup,Lounge,Party",25000,[object Object],true,2026-07-25T21:43:22.58448,manual,false,restaurant,true,2,yaba,,2,,,"Monday,Tuesday,Wednesday,Thursday,Friday,Saturday,Sunday",,0,seed,central,false,,,,[object Object],,,,,,
aaf5a860-a920-4cff-8cf3-5ae3076bc40f,Paint & Chill Art Studio Yaba,Yaba,33333333-3333-3333-3333-333333333333,"Chill,Dinner",20000,[object Object],true,2026-07-25T21:15:32.986241,manual_verification,false,restaurant,true,2,yaba,,2,,,"Monday,Tuesday,Wednesday,Thursday,Friday,Saturday,Sunday",@paintandchillyaba,0,owner_verified,central,false,,,,[object Object],,,,,,
25a1412c-6037-4917-b4ba-90e6abc40438,PlayZone Game Lounge Yaba,Yaba,33333333-3333-3333-3333-333333333333,"Chill,Dinner,Squad Linkup,Lounge,Party",20000,[object Object],true,2026-07-25T21:15:32.986241,manual_verification,false,restaurant,true,2,yaba,,2,,,"Monday,Tuesday,Wednesday,Thursday,Friday,Saturday,Sunday",@playzoneyaba,0,owner_verified,central,false,,,,[object Object],,,,,,
22b49da4-13ec-4a4f-ad59-5fbc7f4fc6e7,Purple Bistro,"University Road, Yaba",33333333-3333-3333-3333-333333333333,"Chill,Foodie",6500,[object Object],true,2025-01-01T00:00:00,instagram,false,restaurant,true,2,yaba,mid-range,2,students,evening,"Monday,Tuesday,Wednesday,Thursday,Friday,Saturday,Sunday",,6,seed,central,false,,,,[object Object],,,,,,
9e814e3c-db40-403d-89b6-6f9ddd5bfd97,Sabo Game Hub & VR Arcade,Yaba,33333333-3333-3333-3333-333333333333,"Chill,Dinner,Squad Linkup,Lounge,Party",20000,[object Object],true,2026-07-25T21:15:32.986241,manual_verification,false,restaurant,true,2,yaba,,2,,,"Monday,Tuesday,Wednesday,Thursday,Friday,Saturday,Sunday",@sabogamehub,0,owner_verified,central,false,,,,[object Object],,,,,,
db70f3a1-2d5d-46d3-9ca8-9dc1fd830715,Sabo Market Yaba,"Sabo Market, Yaba, Lagos",33333333-3333-3333-3333-333333333333,"Chill,Dinner",25000,[object Object],true,2026-07-25T21:43:22.58448,manual,false,restaurant,true,2,yaba,,2,,,"Monday,Tuesday,Wednesday,Thursday,Friday,Saturday,Sunday",,0,seed,central,false,,,,[object Object],,,,,,
24f9417d-890e-4242-b2b5-2b025628aef2,Sixty by Chef Lu',"270, Herbert Macaulay Way, Yaba",33333333-3333-3333-3333-333333333333,"Chill,Dinner",15000,[object Object],true,2026-07-25T21:43:22.58448,manual,false,restaurant,true,2,yaba,,2,,,"Monday,Tuesday,Wednesday,Thursday,Friday,Saturday,Sunday",,0,seed,central,false,,,,[object Object],,,,,,
c8511270-5107-425c-9064-9375bb1b0da3,Sweet Sensation Yaba,Yaba area,33333333-3333-3333-3333-333333333333,"Chill,Dinner",25000,[object Object],true,2026-07-25T21:43:22.58448,manual,false,restaurant,true,2,yaba,,2,,,"Monday,Tuesday,Wednesday,Thursday,Friday,Saturday,Sunday",,0,seed,central,false,,,,[object Object],,,,,,
64cab31e-0825-4953-8a3e-6459c8d5ccce,Tastee Fried Chicken Yaba,Yaba area,33333333-3333-3333-3333-333333333333,"Chill,Dinner",25000,[object Object],true,2026-07-25T21:43:22.58448,manual,false,restaurant,true,2,yaba,,2,,,"Monday,Tuesday,Wednesday,Thursday,Friday,Saturday,Sunday",,0,seed,central,false,,,,[object Object],,,,,,
b61cbfca-ed96-41f8-9a98-8a54fa614deb,Tejuosho Food Court,"Tejuosho Shopping Complex, Market area, Yaba",33333333-3333-3333-3333-333333333333,"Chill,Dinner",25000,[object Object],true,2026-07-25T21:43:22.58448,manual,false,restaurant,true,2,yaba,,2,,,"Monday,Tuesday,Wednesday,Thursday,Friday,Saturday,Sunday",,0,seed,central,false,,,,[object Object],,,,,,
bb7a1e84-58b3-4322-b30c-6229e554fdcd,The Coffee Room & Bakery,Yaba,33333333-3333-3333-3333-333333333333,"Chill,Dinner,Brunch",20000,[object Object],true,2026-07-25T21:15:32.986241,manual_verification,false,restaurant,true,2,yaba,,2,,,"Monday,Tuesday,Wednesday,Thursday,Friday,Saturday,Sunday",@coffeeroomng,0,owner_verified,central,false,,,,[object Object],,,,,,
0bb3f5e6-3ad8-48bc-8f4b-bb079f423f92,The Corner Bar & Lounge Yaba,Yaba,33333333-3333-3333-3333-333333333333,"Chill,Dinner",20000,[object Object],true,2026-07-25T21:15:32.986241,manual_verification,false,restaurant,true,2,yaba,,2,,,"Monday,Tuesday,Wednesday,Thursday,Friday,Saturday,Sunday",@thecorneryaba,0,owner_verified,central,false,,,,[object Object],,,,,,
49d7b08a-45c7-4ffc-a782-50b68d82123a,The Grid Restaurant,"19b, Thorborn Avenue, Sabo, Yaba",33333333-3333-3333-3333-333333333333,"Chill,Dinner",25000,[object Object],true,2026-07-25T21:43:22.58448,manual,false,restaurant,true,2,yaba,,2,,,"Monday,Tuesday,Wednesday,Thursday,Friday,Saturday,Sunday",,0,seed,central,false,,,,[object Object],,,,,,
876a5da3-461c-4254-8b89-8cb1c80b9d00,The House of Cocoa Yaba,Yaba,33333333-3333-3333-3333-333333333333,"Chill,Dinner,Squad Linkup,Lounge,Party",20000,[object Object],true,2026-07-25T21:15:32.986241,manual_verification,false,restaurant,true,2,yaba,,2,,,"Monday,Tuesday,Wednesday,Thursday,Friday,Saturday,Sunday",@houseofcocoayaba,0,owner_verified,central,false,,,,[object Object],,,,,,
4e7ab9cd-d186-4b9a-93f7-4e1b2eff8dcf,The Hub Yaba Bistro,Yaba,33333333-3333-3333-3333-333333333333,"Chill,Dinner,Squad Linkup,Lounge,Party,Brunch",20000,[object Object],true,2026-07-25T21:15:32.986241,manual_verification,false,restaurant,true,2,yaba,,2,,,"Monday,Tuesday,Wednesday,Thursday,Friday,Saturday,Sunday",@thehubyaba,0,owner_verified,central,false,,,,[object Object],,,,,,
c663fa29-3da2-4e23-bef3-5516249c23fa,The Place Restaurant Yaba,"393 Herbert Macaulay Way (St Agnes bus stop area), Yaba",33333333-3333-3333-3333-333333333333,"Chill,Dinner",25000,[object Object],true,2026-07-25T21:43:22.58448,manual,false,restaurant,true,2,yaba,,2,,,"Monday,Tuesday,Wednesday,Thursday,Friday,Saturday,Sunday",,0,seed,central,false,,,,[object Object],,,,,,
d35ed138-08e1-4842-8d79-954832c1d6df,The Red Room Lounge,Yaba,33333333-3333-3333-3333-333333333333,"Chill,Dinner,Squad Linkup,Lounge,Party",25000,[object Object],true,2026-07-25T21:15:32.986241,manual_verification,false,restaurant,true,2,yaba,,2,,,"Monday,Tuesday,Wednesday,Thursday,Friday,Saturday,Sunday",@theredroomyaba,0,owner_verified,central,false,,,,[object Object],,,,,,
cdd01b40-d63c-4751-9156-b69f180397d7,The Seku Hut Lounge,Yaba,33333333-3333-3333-3333-333333333333,"Chill,Dinner,Squad Linkup,Lounge,Party",20000,[object Object],true,2026-07-25T21:15:32.986241,manual_verification,false,restaurant,true,2,yaba,,2,,,"Monday,Tuesday,Wednesday,Thursday,Friday,Saturday,Sunday",@thesekuhut,0,owner_verified,central,false,,,,[object Object],,,,,,
33277f62-aa59-4250-82d0-c2dbfc8bef4e,The Social House Yaba,Yaba,33333333-3333-3333-3333-333333333333,"Chill,Dinner,Squad Linkup,Lounge,Party",20000,[object Object],true,2026-07-25T21:15:32.986241,manual_verification,false,restaurant,true,2,yaba,,2,,,"Monday,Tuesday,Wednesday,Thursday,Friday,Saturday,Sunday",@thesocialhouseyaba,0,owner_verified,central,false,,,,[object Object],,,,,,
a024bc58-ffca-46da-9446-73109ee1ac0b,The Yardstick Lounge,Yaba,33333333-3333-3333-3333-333333333333,"Chill,Dinner,Squad Linkup,Lounge,Party,Nature",20000,[object Object],true,2026-07-25T21:15:32.986241,manual_verification,false,restaurant,true,2,yaba,,2,,,"Monday,Tuesday,Wednesday,Thursday,Friday,Saturday,Sunday",@theyardsticklounge,0,owner_verified,central,false,,,,[object Object],,,,,,
6956aae6-62d9-46a3-bea5-6434ccc70d93,Unilag Lagoon Front,"Unilag, Yaba",33333333-3333-3333-3333-333333333333,"Chill,Nature",500,[object Object],true,2025-01-01T00:00:00,manual,false,nature,false,2,yaba,park,1,students,afternoon,"Monday,Tuesday,Wednesday,Thursday,Friday,Saturday,Sunday",,0,seed,central,false,,,,[object Object],,,,,,
d70b112c-ec54-4bbf-8f19-378732d32915,UNILAG Sports Centre,"University of Lagos Sports Centre, Akoka, Yaba",33333333-3333-3333-3333-333333333333,"Chill,Dinner",25000,[object Object],true,2026-07-25T21:43:22.58448,manual,false,restaurant,true,2,yaba,,2,,,"Monday,Tuesday,Wednesday,Thursday,Friday,Saturday,Sunday",,0,seed,central,false,,,,[object Object],,,,,,
db45c8e5-0a59-4648-b3f6-67462f0a86c9,University of Lagos Lagoon Front,"University of Lagos (UNILAG), Akoka, Lagoon Front area",33333333-3333-3333-3333-333333333333,"Chill,Dinner",25000,[object Object],true,2026-07-25T21:43:22.58448,manual,false,restaurant,true,2,yaba,,2,,,"Monday,Tuesday,Wednesday,Thursday,Friday,Saturday,Sunday",,0,seed,central,false,,,,[object Object],,,,,,
d5d375a6-4d64-44b9-988e-ff019253e03b,University of Suya Yaba,Yaba,33333333-3333-3333-3333-333333333333,"Chill,Dinner",25000,[object Object],true,2026-07-25T21:43:22.58448,manual,false,restaurant,true,2,yaba,,2,,,"Monday,Tuesday,Wednesday,Thursday,Friday,Saturday,Sunday",,0,seed,central,false,,,,[object Object],,,,,,
57d753dd-e94b-44b2-b9f6-5afd819c399e,Unwind Park & Garden,Yaba,33333333-3333-3333-3333-333333333333,"Chill,Dinner,Squad Linkup,Lounge,Party,Nature",20000,[object Object],true,2026-07-25T21:15:32.986241,manual_verification,false,restaurant,true,2,yaba,,2,,,"Monday,Tuesday,Wednesday,Thursday,Friday,Saturday,Sunday",@unwindparkyaba,0,owner_verified,central,false,,,,[object Object],,,,,,
023abe2d-815c-4dae-a7e5-0911d7026625,Velvet Rooftop Lounge Yaba,Yaba,33333333-3333-3333-3333-333333333333,"Chill,Dinner,Squad Linkup,Lounge,Party",25000,[object Object],true,2026-07-25T21:15:32.986241,manual_verification,false,restaurant,true,2,yaba,,2,,,"Monday,Tuesday,Wednesday,Thursday,Friday,Saturday,Sunday",@velvetrooftopyaba,0,owner_verified,central,false,,,,[object Object],,,,,,
9be0f708-d67c-46b4-9233-58669c529846,Vintage Lounge & Garden,Yaba,33333333-3333-3333-3333-333333333333,"Chill,Dinner,Nature",20000,[object Object],true,2026-07-25T21:15:32.986241,manual_verification,false,restaurant,true,2,yaba,,2,,,"Monday,Tuesday,Wednesday,Thursday,Friday,Saturday,Sunday",@vintageloungeyaba,0,owner_verified,central,false,,,,[object Object],,,,,,
83c5b769-966b-4f4b-a7b8-0defdc6e9671,White House,"Sabo, Yaba",33333333-3333-3333-3333-333333333333,"Foodie,Quick",2500,[object Object],true,2025-01-01T00:00:00,chowdeck,false,restaurant,true,1,yaba,local-buka,1,students,afternoon,"Monday,Tuesday,Wednesday,Thursday,Friday,Saturday,Sunday",,9,seed,central,false,,,,[object Object],,,,,,
0f8772fd-294e-496a-9f99-29915b1cc8a9,White House Yaba,Yaba,33333333-3333-3333-3333-333333333333,"Chill,Dinner,Squad Linkup,Lounge,Party",25000,[object Object],true,2026-07-25T21:43:22.58448,manual,false,restaurant,true,2,yaba,,2,,,"Monday,Tuesday,Wednesday,Thursday,Friday,Saturday,Sunday",,0,seed,central,false,,,,[object Object],,,,,,
147e7eb2-1000-4315-8979-837b0d9ce9fb,Yaba College of Technology Sports Complex,"Yaba College of Technology (YABATECH), Yaba",33333333-3333-3333-3333-333333333333,"Chill,Dinner",25000,[object Object],true,2026-07-25T21:43:22.58448,manual,false,restaurant,true,2,yaba,,2,,,"Monday,Tuesday,Wednesday,Thursday,Friday,Saturday,Sunday",,0,seed,central,false,,,,[object Object],,,,,,
3d2d51a4-4840-4476-9250-6a5d57194d33,Yaba Mainland Lounge Cluster,"Yaba, Herbert Macaulay & surrounding (various)",33333333-3333-3333-3333-333333333333,"Chill,Dinner,Squad Linkup,Lounge,Party",25000,[object Object],true,2026-07-25T21:43:22.58448,manual,false,restaurant,true,2,yaba,,2,,,"Monday,Tuesday,Wednesday,Thursday,Friday,Saturday,Sunday",,0,seed,central,false,,,,[object Object],,,,,,
eeefedfb-457d-4e82-87d3-63c2c2bd33fb,Yaba Rooftop & Grill,Yaba,33333333-3333-3333-3333-333333333333,"Chill,Dinner",25000,[object Object],true,2026-07-25T21:15:32.986241,manual_verification,false,restaurant,true,2,yaba,,2,,,"Monday,Tuesday,Wednesday,Thursday,Friday,Saturday,Sunday",@yabarooftop,0,owner_verified,central,false,,,,[object Object],,,,,,
fd45fa82-bdd2-47b4-a5f5-b166c7d09786,Zenith Water Margin,Adeniran Ogunsanya,44444444-4444-4444-4444-444444444444,"Dinner,Foodie",15000,[object Object],true,2025-01-01T00:00:00,instagram,false,restaurant,true,2,surulere,mid-range,3,families,evening,"Monday,Tuesday,Wednesday,Thursday,Friday,Saturday,Sunday",,0,seed,central,false,,,,[object Object],,,,,,
b668dcff-4886-4c83-b7c6-b46384c3257e,100 Degrees Rooftop,Ikoyi,99999999-9999-9999-9999-999911111111,"Chill,Dinner,Date Night,Squad Linkup,Lounge,Party",45000,[object Object],true,2026-07-25T20:49:58.703263,manual_verification,true,restaurant,true,2,ikoyi,,2,,,"Monday,Tuesday,Wednesday,Thursday,Friday,Saturday,Sunday",@100degreesikoyi,0,owner_verified,island,false,,,,[object Object],,,,https://lh3.googleusercontent.com/grass-cs/ACvplmNyDjzZPu1XoQ_YuOndSOxlWVBntI87LH4ZMwe7Q9mMbm2T-gfv1SD7lMlivAL6Zf7THeoy3vn20fC0ezygaZVpbggDMRLJJ4FNf4SG5cSgsAdj0xTrp23agZic92J0lq3uLKKT=s1360-w1360-h1020-rw,,
ce068180-b929-4f0f-9025-3e920745ebac,1415 Steakhouse,Victoria Island,88888888-8888-8888-8888-888888888888,"Chill,Dinner,Date Night,Fine Dining",60000,[object Object],true,2026-08-28T22:18:00.886,official_website,true,restaurant,true,2,vi,,2,,,"Monday,Tuesday,Wednesday,Thursday,Friday,Saturday,Sunday",@ekohotels,0,owner_verified,island,false,,,,[object Object],,,,,,
3199020d-fe6a-4095-89ec-b8ccc9491760,7 Square Restaurant,Victoria Island,88888888-8888-8888-8888-888888888888,"Chill,Dinner,Date Night",40000,[object Object],true,2026-07-25T20:49:58.703263,manual_verification,true,restaurant,true,2,vi,,2,,,"Monday,Tuesday,Wednesday,Thursday,Friday,Saturday,Sunday",@7squarelagos,0,owner_verified,island,false,,,,[object Object],,,,,,
d903f6e5-afca-4ba3-b122-b2825ee49b15,Above Lifestyle Lekki,Lekki Phase 1,77777777-7777-7777-7777-777777777777,"Chill,Dinner,Date Night,Squad Linkup,Lounge,Party",50000,[object Object],true,2026-07-25T20:49:58.703263,manual_verification,true,restaurant,true,2,lekki-phase-1,,2,,,"Monday,Tuesday,Wednesday,Thursday,Friday,Saturday,Sunday",@abovelifestyle.ng,0,owner_verified,island,false,,,,[object Object],,,,,,
5f85ced0-cb54-4253-8c73-c136c3d3e2ee,Abstract Ikoyi,"96 Norman Williams Street, Ikoyi",99999999-9999-9999-9999-999911111111,"Chill,Dinner",25000,[object Object],true,2026-07-25T21:43:22.58448,manual,false,restaurant,true,2,ikoyi,,2,,,"Monday,Tuesday,Wednesday,Thursday,Friday,Saturday,Sunday",,0,seed,island,false,,,,[object Object],,,,,,
4f325df1-1b1f-4de7-b467-ce3a17cae4db,Amara by delis,"1, Karimu Kotun Street, Victoria Island",88888888-8888-8888-8888-888888888888,"Chill,Dinner",25000,[object Object],true,2026-07-25T21:43:22.58448,manual,false,restaurant,true,2,vi,,2,,,"Monday,Tuesday,Wednesday,Thursday,Friday,Saturday,Sunday",,0,seed,island,false,,,,[object Object],,,,,,
b66188b0-cba1-498c-aa3e-239a1cad9e87,Atmos Lounge,Lekki Phase 1,77777777-7777-7777-7777-777777777777,"Chill,Dinner,Date Night",45000,[object Object],true,2026-07-25T20:49:58.703263,manual_verification,true,restaurant,true,2,lekki-phase-1,,2,,,"Monday,Tuesday,Wednesday,Thursday,Friday,Saturday,Sunday",@atmosloungelagos,0,owner_verified,island,false,,,,[object Object],,,,,,
42d339f0-7fa6-4a79-a91f-99549d3ca872,Avista Beach Resort,"Raliatu Olorunfunmike Street, Eti-Osa, Lekki",88888888-8888-8888-8888-888888888888,"Chill,Dinner,Nature",25000,[object Object],true,2026-07-25T21:43:22.58448,manual,false,restaurant,true,2,vi,,2,,,"Monday,Tuesday,Wednesday,Thursday,Friday,Saturday,Sunday",,0,seed,island,false,,,,[object Object],,,,,,
b3e62fe0-c665-4300-a664-14f0c29d0ad0,Awolowo Road Restaurant Cluster,"Along Awolowo Road, Ikoyi",99999999-9999-9999-9999-999911111111,"Chill,Dinner",25000,[object Object],true,2026-07-25T21:43:22.58448,manual,false,restaurant,true,2,ikoyi,,2,,,"Monday,Tuesday,Wednesday,Thursday,Friday,Saturday,Sunday",,0,seed,island,false,,,,[object Object],,,,,,
320b9404-af6c-4f08-aa97-a97845666bed,Bakendales,Ikoyi,99999999-9999-9999-9999-999911111111,"Chill,Dinner",35000,[object Object],true,2026-07-25T20:49:58.703263,manual_verification,true,restaurant,true,2,ikoyi,,2,,,"Monday,Tuesday,Wednesday,Thursday,Friday,Saturday,Sunday",@bakendales.ng,0,owner_verified,island,false,,,,[object Object],,,,,,
e854a66e-9959-4346-ac65-186d5a834270,Bamboa Lagos,"82, Adetokunbo Ademola Street, Victoria Island",88888888-8888-8888-8888-888888888888,"Chill,Dinner",25000,[object Object],true,2026-07-25T21:43:22.58448,manual,false,restaurant,true,2,vi,,2,,,"Monday,Tuesday,Wednesday,Thursday,Friday,Saturday,Sunday",,0,seed,island,false,,,,[object Object],,,,,,
3b715987-d902-4c14-9d58-1b9d08104481,Bao Bao House,"24c Adewunmi Adebimpe Dr, Lekki phase 1",77777777-7777-7777-7777-777777777777,Unknown,15000,[object Object],false,2026-07-05T00:43:28.94,crowd,false,cafe,true,2,lekki-phase-1,,2,,,"Monday,Tuesday,Wednesday,Thursday,Friday,Saturday,Sunday",,0,seed,island,false,,,,[object Object],,,,,,
ca1e3906-a0d6-4e5d-a3ba-ae96ee1038b5,Bay Lounge,"Plot 10, Block 12A, Admiralty Road, Lekki Phase 1",77777777-7777-7777-7777-777777777777,"Chill,Dinner,Date Night,Squad Linkup,Lounge,Party",35000,[object Object],true,2026-07-25T21:43:22.58448,manual,false,restaurant,true,2,lekki-phase-1,,2,,,"Monday,Tuesday,Wednesday,Thursday,Friday,Saturday,Sunday",,0,seed,island,false,,,,[object Object],,,,,,
f85169e2-5f3a-43f6-b869-6ac0f035a615,Black Bell Lekki,Lekki Phase 1,77777777-7777-7777-7777-777777777777,"Chill,Dinner,Date Night",40000,[object Object],true,2026-07-25T20:49:58.703263,manual_verification,true,restaurant,true,2,lekki-phase-1,,2,,,"Monday,Tuesday,Wednesday,Thursday,Friday,Saturday,Sunday",@blackbelllagos,0,owner_verified,island,false,,,,[object Object],,,,,,
19a9c127-0f93-4e60-b44a-2499b513a333,Bogobiri House,Ikoyi,99999999-9999-9999-9999-999911111111,"Chill,Dinner",35000,[object Object],true,2026-07-25T20:49:58.703263,manual_verification,true,restaurant,true,2,ikoyi,,2,,,"Monday,Tuesday,Wednesday,Thursday,Friday,Saturday,Sunday",@bogobirihouse,0,owner_verified,island,false,,,,[object Object],,,,,,
fb9aa090-b7af-4a0b-8fae-9af64fb4fb3b,Bogobiri House,"9 Maitama Sule Street, Ikoyi;",99999999-9999-9999-9999-999911111111,"Chill,Dinner",25000,[object Object],true,2026-07-25T21:43:22.58448,manual,false,restaurant,true,2,ikoyi,,2,,,"Monday,Tuesday,Wednesday,Thursday,Friday,Saturday,Sunday",,0,seed,island,false,,,,[object Object],,,,,,
5b0287c5-108a-4056-b7a5-18bb0a93020d,Botanikka Ikoyi,Ikoyi,99999999-9999-9999-9999-999911111111,"Chill,Dinner,Date Night,Fine Dining",50000,[object Object],true,2026-07-25T20:49:58.703263,manual_verification,true,restaurant,true,2,ikoyi,,2,,,"Monday,Tuesday,Wednesday,Thursday,Friday,Saturday,Sunday",@botanikka.ng,0,owner_verified,island,false,,,,[object Object],,,,,,
e257830e-2053-4360-9c9d-847a66e3075c,Bourdillon Road Lounge Cluster,"Along Bourdillon Road, Ikoyi",99999999-9999-9999-9999-999911111111,"Chill,Dinner,Squad Linkup,Lounge,Party",25000,[object Object],true,2026-07-25T21:43:22.58448,manual,false,restaurant,true,2,ikoyi,,2,,,"Monday,Tuesday,Wednesday,Thursday,Friday,Saturday,Sunday",,0,seed,island,false,,,,[object Object],,,,,,
88551c6b-8927-4301-af95-14ff9ee1cd7c,Bourdillon Suya and Grill Spots,"Along Bourdillon Road, Ikoyi",99999999-9999-9999-9999-999911111111,"Chill,Dinner",25000,[object Object],true,2026-07-25T21:43:22.58448,manual,false,restaurant,true,2,ikoyi,,2,,,"Monday,Tuesday,Wednesday,Thursday,Friday,Saturday,Sunday",,0,seed,island,false,,,,[object Object],,,,,,
6649f671-3064-409b-8624-756c970f5558,Brass & Copper Lekki,Lekki Phase 1,77777777-7777-7777-7777-777777777777,"Chill,Dinner,Date Night,Squad Linkup,Lounge,Party",45000,[object Object],true,2026-07-25T20:49:58.703263,manual_verification,true,restaurant,true,2,lekki-phase-1,,2,,,"Monday,Tuesday,Wednesday,Thursday,Friday,Saturday,Sunday",@brassandcopperlagos,0,owner_verified,island,false,,,,[object Object],,,,,,
dfd143ed-5d59-4a89-901e-1dc7b03df8e3,Breeze Beach Club,Lekki Phase 1,77777777-7777-7777-7777-777777777777,"Chill,Dinner,Date Night,Squad Linkup,Lounge,Party,Nature",45000,[object Object],true,2026-07-25T20:49:58.703263,manual_verification,true,restaurant,true,2,lekki-phase-1,,2,,,"Monday,Tuesday,Wednesday,Thursday,Friday,Saturday,Sunday",@breezebeachlagos,0,owner_verified,island,false,,,,[object Object],,,,,,
5d933748-5d9b-45a6-9404-22023d65ceb7,Brisk Lagos,Ikoyi,99999999-9999-9999-9999-999911111111,"Chill,Dinner,Brunch",35000,[object Object],true,2026-07-25T20:49:58.703263,manual_verification,true,restaurant,true,2,ikoyi,,2,,,"Monday,Tuesday,Wednesday,Thursday,Friday,Saturday,Sunday",@brisk.ng,0,owner_verified,island,false,,,,[object Object],,,,,,
fe3b6bfd-2482-4f14-b5ad-ca4b9118ffd6,Brunch Bar Lagos,"33, Grace Anjous Drive, Lekki Phase 1",77777777-7777-7777-7777-777777777777,"Chill,Dinner,Date Night,Squad Linkup,Lounge,Party,Brunch",40000,[object Object],true,2026-07-25T21:43:22.58448,manual,false,restaurant,true,2,lekki-phase-1,,2,,,"Monday,Tuesday,Wednesday,Thursday,Friday,Saturday,Sunday",,0,seed,island,false,,,,[object Object],,,,,,
d8cb85ba-313a-4eee-b3e1-4e6597090e86,Bubbletii.ng,"Landmark, Victoria Island",88888888-8888-8888-8888-888888888888,"Chill,Dinner",25000,[object Object],true,2026-07-25T21:43:22.58448,manual,false,restaurant,true,2,vi,,2,,,"Monday,Tuesday,Wednesday,Thursday,Friday,Saturday,Sunday",,0,seed,island,false,,,,[object Object],,,,,,
fa41fa11-1b6f-42d9-a4bd-36213bf37d5c,Bungalow Restaurant,"1296, Akin Adesola Street, Victoria Island",88888888-8888-8888-8888-888888888888,"Chill,Dinner",25000,[object Object],true,2026-07-25T21:43:22.58448,manual,false,restaurant,true,2,vi,,2,,,"Monday,Tuesday,Wednesday,Thursday,Friday,Saturday,Sunday",,0,seed,island,false,,,,[object Object],,,,,,
badd4a51-9aa1-4cbb-ad85-8c9e0516b468,Cactus Lagos,Victoria Island,88888888-8888-8888-8888-888888888888,"Chill,Dinner,Nature",35000,[object Object],true,2026-07-25T20:49:58.703263,manual_verification,true,restaurant,true,2,vi,,2,,,"Monday,Tuesday,Wednesday,Thursday,Friday,Saturday,Sunday",@cactuslagos,0,owner_verified,island,false,,,,[object Object],,,,,,
c5201316-940c-4447-afeb-3182257bc1bc,Cactus Restaurant,"20/24, Ozumba Mbadiwe Avenue, Victoria Island",88888888-8888-8888-8888-888888888888,"Chill,Dinner",25000,[object Object],true,2026-07-25T21:43:22.58448,manual,false,restaurant,true,2,vi,,2,,,"Monday,Tuesday,Wednesday,Thursday,Friday,Saturday,Sunday",,0,seed,island,false,,,,[object Object],,,,,,
473478b2-6ed3-4f6c-94f5-4e7abd75cf2e,Cafe Neo Ikoyi,"Muritala Mohammed Drive / area, Ikoyi (one of locations)",99999999-9999-9999-9999-999911111111,"Chill,Dinner,Brunch",25000,[object Object],true,2026-07-25T21:43:22.58448,manual,false,restaurant,true,2,ikoyi,,2,,,"Monday,Tuesday,Wednesday,Thursday,Friday,Saturday,Sunday",,0,seed,island,false,,,,[object Object],,,,,,
d0fe249b-4ca7-46d3-89bd-7acb54a2751c,Cafeteria Nigeria,"16, Akin Adesola Street, Victoria Island",88888888-8888-8888-8888-888888888888,"Chill,Dinner",25000,[object Object],true,2026-07-25T21:43:22.58448,manual,false,restaurant,true,2,vi,,2,,,"Monday,Tuesday,Wednesday,Thursday,Friday,Saturday,Sunday",,0,seed,island,false,,,,[object Object],,,,,,
ad041c21-43af-4136-ba30-afe907728641,Casa Lydia,"Glover Road, Ikoyi (historical / former location references)",99999999-9999-9999-9999-999911111111,"Chill,Dinner",25000,[object Object],true,2026-07-25T21:43:22.58448,manual,false,restaurant,true,2,ikoyi,,2,,,"Monday,Tuesday,Wednesday,Thursday,Friday,Saturday,Sunday",,0,seed,island,false,,,,[object Object],,,,,,
329c0c68-aea6-4825-8bb3-5b0a2b40136b,Casa Lydia,Ikoyi,99999999-9999-9999-9999-999911111111,"Chill,Dinner,Date Night",40000,[object Object],true,2026-07-25T20:49:58.703263,manual_verification,true,restaurant,true,2,ikoyi,,2,,,"Monday,Tuesday,Wednesday,Thursday,Friday,Saturday,Sunday",@casalydia.ikoyi,0,owner_verified,island,false,,,,[object Object],,,,,,
9e0f6e1f-d3fb-4b52-9d98-fde058f088b0,Chicken Republic Lekki Phase 1,Lekki Phase 1,77777777-7777-7777-7777-777777777777,"Chill,Dinner",8000,[object Object],true,2026-07-25T21:43:22.58448,manual,false,restaurant,true,2,lekki-phase-1,,2,,,"Monday,Tuesday,Wednesday,Thursday,Friday,Saturday,Sunday",,0,seed,island,false,,,,[object Object],,,,,,
52c56b59-16a0-44bf-80cc-56df75fe429b,Cilantro Ikoyi,Ikoyi,99999999-9999-9999-9999-999911111111,"Chill,Dinner,Date Night",40000,[object Object],true,2026-07-25T20:49:58.703263,manual_verification,true,restaurant,true,2,ikoyi,,2,,,"Monday,Tuesday,Wednesday,Thursday,Friday,Saturday,Sunday",@cilantrolagos,0,owner_verified,island,false,,,,[object Object],,,,,,
28b546ef-21af-4e58-ab30-51d9507b7a7b,Cilantro VI,Victoria Island,88888888-8888-8888-8888-888888888888,"Chill,Dinner,Date Night",40000,[object Object],true,2026-07-25T20:49:58.703263,manual_verification,true,restaurant,true,2,vi,,2,,,"Monday,Tuesday,Wednesday,Thursday,Friday,Saturday,Sunday",@cilantrolagos,0,owner_verified,island,false,,,,[object Object],,,,,,
d10e0ec6-61b6-41c8-a7e6-1c345b1fec21,Circa Lagos,"2 Kola Adeyina Close, Off Jerry Iriabe Street, Lekki Phase 1",77777777-7777-7777-7777-777777777777,"Chill,Dinner,Date Night,Fine Dining",35000,[object Object],true,2026-07-25T21:43:22.58448,manual,false,restaurant,true,2,lekki-phase-1,,2,,,"Monday,Tuesday,Wednesday,Thursday,Friday,Saturday,Sunday",,0,seed,island,false,,,,[object Object],,,,,,
86af1bd7-ffbd-4552-bff5-195ea6af787e,Circa Non Pareil,Lekki Phase 1,77777777-7777-7777-7777-777777777777,"Chill,Dinner,Date Night,Fine Dining,Nature",50000,[object Object],true,2026-07-25T20:49:58.703263,manual_verification,true,restaurant,true,2,lekki-phase-1,,2,,,"Monday,Tuesday,Wednesday,Thursday,Friday,Saturday,Sunday",@circanonpareil,0,owner_verified,island,false,,,,[object Object],,,,,,
b4c51c7f-4e4a-4421-996e-687045c7690e,Cone Cafe,"45b Adebayo Doherty Rd, Lekki Phase 1",77777777-7777-7777-7777-777777777777,Unknown,17500,[object Object],false,2026-07-05T00:43:29.75,crowd,false,cafe,true,2,lekki-phase-1,,2,,,"Monday,Tuesday,Wednesday,Thursday,Friday,Saturday,Sunday",,0,seed,island,false,,,,[object Object],,,,,,
891a6bfd-171a-4434-bb3c-a5d564d0ffae,Craft Gourmet by Lou Baker,Victoria Island,88888888-8888-8888-8888-888888888888,"Chill,Dinner,Date Night",40000,[object Object],true,2026-07-25T20:49:58.703263,manual_verification,true,restaurant,true,2,vi,,2,,,"Monday,Tuesday,Wednesday,Thursday,Friday,Saturday,Sunday",@craftgourmet,0,owner_verified,island,false,,,,[object Object],,,,,,
66172623-a460-4e55-a5cd-c38b24ac9bba,Crossroads Restaurant,Victoria Island,88888888-8888-8888-8888-888888888888,"Chill,Dinner,Date Night",40000,[object Object],true,2026-07-25T20:49:58.703263,manual_verification,true,restaurant,true,2,vi,,2,,,"Monday,Tuesday,Wednesday,Thursday,Friday,Saturday,Sunday",@ekohotels,0,owner_verified,island,false,,,,[object Object],,,,,,
0bac8c4e-10a9-433c-9c12-162199c04b9c,Crossroads Tex-Mex Restaurant,"Eko Hotel, 1415, Adetokunbo Ademola Street, Victoria Island",88888888-8888-8888-8888-888888888888,"Chill,Dinner",25000,[object Object],true,2026-07-25T21:43:22.58448,manual,false,restaurant,true,2,vi,,2,,,"Monday,Tuesday,Wednesday,Thursday,Friday,Saturday,Sunday",,0,seed,island,false,,,,[object Object],,,,,,
7faf1075-ad13-4a5f-bf0c-355882c5c856,Danfo Bistro,Ikoyi (exact street limited in public sources),99999999-9999-9999-9999-999911111111,"Chill,Dinner",25000,[object Object],true,2026-07-25T21:43:22.58448,manual,false,restaurant,true,2,ikoyi,,2,,,"Monday,Tuesday,Wednesday,Thursday,Friday,Saturday,Sunday",,0,seed,island,false,,,,[object Object],,,,,,
6f05f7f6-9473-486c-826b-278ffd35d702,Danfo Bistro Ikoyi,Ikoyi,99999999-9999-9999-9999-999911111111,"Chill,Dinner",35000,[object Object],true,2026-07-25T20:49:58.703263,manual_verification,true,restaurant,true,2,ikoyi,,2,,,"Monday,Tuesday,Wednesday,Thursday,Friday,Saturday,Sunday",@danfobistro,0,owner_verified,island,false,,,,[object Object],,,,,,
3ce57aef-c43e-4c8f-a4af-e25b7b64d249,Danfo Bistro Lekki,Lekki Phase 1,77777777-7777-7777-7777-777777777777,"Chill,Dinner",35000,[object Object],true,2026-07-25T20:49:58.703263,manual_verification,true,restaurant,true,2,lekki-phase-1,,2,,,"Monday,Tuesday,Wednesday,Thursday,Friday,Saturday,Sunday",@danfobistro,0,owner_verified,island,false,,,,[object Object],,,,,,
58b930bf-0308-46b1-905d-69a7a2f14dd7,Dani Restaurant and Bar,"House 1, Plot 1501 Itirin Court I, Off Bishop Aboyade Cole Street, Eti-Osa, Lekki",77777777-7777-7777-7777-777777777777,"Chill,Dinner,Date Night,Squad Linkup,Lounge,Party",30000,[object Object],true,2026-07-25T21:43:22.58448,manual,false,restaurant,true,2,lekki-phase-1,,2,,,"Monday,Tuesday,Wednesday,Thursday,Friday,Saturday,Sunday",,0,seed,island,false,,,,[object Object],,,,,,
fb7f2ef7-36b5-46df-bf6c-b0d318ec822a,Dolphin Estate Food Spots,"Dolphin Estate, Ikoyi",99999999-9999-9999-9999-999911111111,"Chill,Dinner",25000,[object Object],true,2026-07-25T21:43:22.58448,manual,false,restaurant,true,2,ikoyi,,2,,,"Monday,Tuesday,Wednesday,Thursday,Friday,Saturday,Sunday",,0,seed,island,false,,,,[object Object],,,,,,
1078a63f-5da0-47ef-ba95-102fa69ccf93,Dulce Ikoyi,Ikoyi,99999999-9999-9999-9999-999911111111,"Chill,Dinner,Brunch",35000,[object Object],true,2026-07-25T20:49:58.703263,manual_verification,true,restaurant,true,2,ikoyi,,2,,,"Monday,Tuesday,Wednesday,Thursday,Friday,Saturday,Sunday",@dulce.ikoyi,0,owner_verified,island,false,,,,[object Object],,,,,,
89077945-1e9d-4329-9e99-cfe640d008e4,Eric Kayser Ikoyi,"9 Osborne Road, Ikoyi (Mike Adenuga Center / Alliance Française)",99999999-9999-9999-9999-999911111111,"Chill,Dinner,Brunch",25000,[object Object],true,2026-07-25T21:43:22.58448,manual,false,restaurant,true,2,ikoyi,,2,,,"Monday,Tuesday,Wednesday,Thursday,Friday,Saturday,Sunday",,0,seed,island,false,,,,[object Object],,,,,,
505c5c65-4eba-4b98-b9f8-5b444aef8271,Eric Kayser Lekki,"Bishop Aboyade Cole, Lekki Phase 1",77777777-7777-7777-7777-777777777777,"Chill,Dinner,Brunch",18000,[object Object],true,2026-07-25T21:43:22.58448,manual,false,restaurant,true,2,lekki-phase-1,,2,,,"Monday,Tuesday,Wednesday,Thursday,Friday,Saturday,Sunday",,0,seed,island,false,,,,[object Object],,,,,,
98d3e21d-f0f7-4796-bbc1-eb3c1a7788d2,Falomo Shopping Centre Food Spots,"Falomo Shopping Centre, Ikoyi",99999999-9999-9999-9999-999911111111,"Chill,Dinner",25000,[object Object],true,2026-07-25T21:43:22.58448,manual,false,restaurant,true,2,ikoyi,,2,,,"Monday,Tuesday,Wednesday,Thursday,Friday,Saturday,Sunday",,0,seed,island,false,,,,[object Object],,,,,,
2036128b-f924-4fce-88fd-06e0e5d8f933,Farmcity Lagos,"Admiralty Way, Lekki Phase 1",77777777-7777-7777-7777-777777777777,"Chill,Dinner,Squad Linkup,Lounge,Party",25000,[object Object],true,2026-07-25T21:43:22.58448,manual,false,restaurant,true,2,lekki-phase-1,,2,,,"Monday,Tuesday,Wednesday,Thursday,Friday,Saturday,Sunday",@24/7,0,seed,island,false,,,,[object Object],,,,,,
e5f7b599-aa9e-409d-a8cd-5afcb8ad64a1,Fired and ice,"Plot 28 Block 77, Admiralty way, Lekki phase 1",77777777-7777-7777-7777-777777777777,Unknown,20000,[object Object],false,2026-07-05T00:43:30.467,crowd,false,experience,true,2,lekki-phase-1,,2,,,"Monday,Tuesday,Wednesday,Thursday,Friday,Saturday,Sunday",,0,seed,island,false,,,,[object Object],,,,,,
d7c9b42d-986f-4fc7-9710-b90d9d0b48a8,FlowerShopCafe,"274a, Akin Adesola, Victoria Island",88888888-8888-8888-8888-888888888888,"Chill,Dinner,Brunch",25000,[object Object],true,2026-07-25T21:43:22.58448,manual,false,restaurant,true,2,vi,,2,,,"Monday,Tuesday,Wednesday,Thursday,Friday,Saturday,Sunday",,0,seed,island,false,,,,[object Object],,,,,,
0b8a789e-8fe1-4576-bc33-d6699e30e34f,Forno Pizza & Sips,"9, Otunba Adedoyin Ogungbe Street, Lekki Phase 1",77777777-7777-7777-7777-777777777777,"Chill,Dinner",18000,[object Object],true,2026-07-25T21:43:22.58448,manual,false,restaurant,true,2,lekki-phase-1,,2,,,"Monday,Tuesday,Wednesday,Thursday,Friday,Saturday,Sunday",,0,seed,island,false,,,,[object Object],,,,,,
e7e4d991-c3e9-428d-8864-34d0e2500d1d,Frosty Pop,"31b, Oju Olobun Close, Victoria Island",88888888-8888-8888-8888-888888888888,"Chill,Dinner",25000,[object Object],true,2026-07-25T21:43:22.58448,manual,false,restaurant,true,2,vi,,2,,,"Monday,Tuesday,Wednesday,Thursday,Friday,Saturday,Sunday",,0,seed,island,false,,,,[object Object],,,,,,
888da160-f92d-4f9f-9407-7367d3e47c14,Frozen Rolls NG,"7, Bisola Durosinmi Etti Drive, Off Admiralty Way, Lekki Phase 1",77777777-7777-7777-7777-777777777777,"Chill,Dinner",10000,[object Object],true,2026-07-25T21:43:22.58448,manual,false,restaurant,true,2,lekki-phase-1,,2,,,"Monday,Tuesday,Wednesday,Thursday,Friday,Saturday,Sunday",,0,seed,island,false,,,,[object Object],,,,,,
1f9d88bd-d3cc-4293-879e-d2fa92542172,Gather House,Ikoyi,99999999-9999-9999-9999-999911111111,"Chill,Dinner,Brunch",35000,[object Object],true,2026-07-25T20:49:58.703263,manual_verification,true,restaurant,true,2,ikoyi,,2,,,"Monday,Tuesday,Wednesday,Thursday,Friday,Saturday,Sunday",@gatherhouse.ng,0,owner_verified,island,false,,,,[object Object],,,,,,
2c478fa9-fef3-42ed-b18c-29d13d0af79f,Gazebo Lekki,Lekki Phase 1,77777777-7777-7777-7777-777777777777,"Chill,Dinner,Date Night,Squad Linkup,Lounge,Party,Nature",40000,[object Object],true,2026-07-25T20:49:58.703263,manual_verification,true,restaurant,true,2,lekki-phase-1,,2,,,"Monday,Tuesday,Wednesday,Thursday,Friday,Saturday,Sunday",@gazebolekki,0,owner_verified,island,false,,,,[object Object],,,,,,
83d325f9-8dfe-4fdd-94cb-fd4abc940158,Glover Court Suya Spots,"Glover Court area, Ikoyi",99999999-9999-9999-9999-999911111111,"Chill,Dinner",25000,[object Object],true,2026-07-25T21:43:22.58448,manual,false,restaurant,true,2,ikoyi,,2,,,"Monday,Tuesday,Wednesday,Thursday,Friday,Saturday,Sunday",,0,seed,island,false,,,,[object Object],,,,,,
400a4e1b-8212-4544-b4f0-0fbdeb776cd2,Glover Road Food Cluster,"Along Glover Road, Ikoyi",99999999-9999-9999-9999-999911111111,"Chill,Dinner",25000,[object Object],true,2026-07-25T21:43:22.58448,manual,false,restaurant,true,2,ikoyi,,2,,,"Monday,Tuesday,Wednesday,Thursday,Friday,Saturday,Sunday",,0,seed,island,false,,,,[object Object],,,,,,
a5a9bb2f-fefc-4640-bb79-51d664793d69,Godaif village,"26B, Turnbull road, Ikoyi",99999999-9999-9999-9999-999911111111,Unknown,40000,[object Object],false,2026-07-05T00:43:27.723,crowd,false,experience,true,2,ikoyi,,2,,,"Monday,Tuesday,Wednesday,Thursday,Friday,Saturday,Sunday",,0,seed,island,false,,,,[object Object],,,,,,
014c5584-38bf-4b51-a425-a4a52096ed3c,Gogi Lagos,"Admiralty Way, Lekki Phase 1",77777777-7777-7777-7777-777777777777,"Chill,Dinner",25000,[object Object],true,2026-07-25T21:43:22.58448,manual,false,restaurant,true,2,lekki-phase-1,,2,,,"Monday,Tuesday,Wednesday,Thursday,Friday,Saturday,Sunday",,0,seed,island,false,,,,[object Object],,,,,,
79592d91-ba04-4a14-a796-ccb29b67d5b3,Good Beach Lagos,Lekki Phase 1,77777777-7777-7777-7777-777777777777,"Chill,Dinner,Date Night,Squad Linkup,Lounge,Party,Nature",50000,[object Object],true,2026-07-25T20:49:58.703263,manual_verification,true,restaurant,true,2,lekki-phase-1,,2,,,"Monday,Tuesday,Wednesday,Thursday,Friday,Saturday,Sunday",@thegoodbeachlagos,0,owner_verified,island,false,,,,[object Object],,,,,,
2de905d6-9660-4957-af92-e12233c09b12,Grain Lagos,"The Palms Shopping Mall, Bisway Street, Maroko, Victoria Island",88888888-8888-8888-8888-888888888888,"Chill,Dinner",25000,[object Object],true,2026-07-25T21:43:22.58448,manual,false,restaurant,true,2,vi,,2,,,"Monday,Tuesday,Wednesday,Thursday,Friday,Saturday,Sunday",,0,seed,island,false,,,,[object Object],,,,,,
ad548c31-480e-46ad-9312-6588d1aad0de,Gras Restaurant,Victoria Island,88888888-8888-8888-8888-888888888888,"Chill,Dinner,Date Night,Squad Linkup,Lounge,Party,Fine Dining",45000,[object Object],true,2026-07-25T20:49:58.703263,manual_verification,true,restaurant,true,2,vi,,2,,,"Monday,Tuesday,Wednesday,Thursday,Friday,Saturday,Sunday",@graslagos,0,owner_verified,island,false,,,,[object Object],,,,,,
4c19f58e-5559-40ee-8a8a-35bcfdca18da,Grazia House - Restro Lounge,"271b, Ajose Adeogun, Victoria Island",88888888-8888-8888-8888-888888888888,"Chill,Dinner,Squad Linkup,Lounge,Party",25000,[object Object],true,2026-07-25T21:43:22.58448,manual,false,restaurant,true,2,vi,,2,,,"Monday,Tuesday,Wednesday,Thursday,Friday,Saturday,Sunday",,0,seed,island,false,,,,[object Object],,,,,,
5894ee75-828b-467b-8c51-3dee8afe0c27,Hanes and Jones,"Block 2, Plot 1, Okunade Bluewaters Scheme, Lekki",77777777-7777-7777-7777-777777777777,"Chill,Dinner,Date Night",30000,[object Object],true,2026-07-25T21:43:22.58448,manual,false,restaurant,true,2,lekki-phase-1,,2,,,"Monday,Tuesday,Wednesday,Thursday,Friday,Saturday,Sunday",,0,seed,island,false,,,,[object Object],,,,,,
4d5972c9-0bd2-419c-9d1e-fb2fb6c6a4e4,Hans and Rene Ikoyi,"Glover Road / Upbeat area, Ikoyi (outlet)",99999999-9999-9999-9999-999911111111,"Chill,Dinner,Brunch",25000,[object Object],true,2026-07-25T21:43:22.58448,manual,false,restaurant,true,2,ikoyi,,2,,,"Monday,Tuesday,Wednesday,Thursday,Friday,Saturday,Sunday",,0,seed,island,false,,,,[object Object],,,,,,
97d888cc-4484-4cb8-a5ff-d84b4ae39ef0,Hard Rock Cafe,"Landmark Village, VI",88888888-8888-8888-8888-888888888888,"Party,Foodie",25000,[object Object],true,2025-01-01T00:00:00,instagram,false,restaurant,true,3,vi,lounge,4,party-crowd,night,"Monday,Tuesday,Wednesday,Thursday,Friday,Saturday,Sunday",,7,seed,island,false,,,,[object Object],,,,,,
90e103c8-83b4-4604-8aae-49ed7019c474,Hard Rock Cafe Lagos,Lekki Phase 1,77777777-7777-7777-7777-777777777777,"Chill,Dinner,Date Night,Nature",45000,[object Object],true,2026-07-25T20:49:58.703263,manual_verification,true,restaurant,true,2,lekki-phase-1,,2,,,"Monday,Tuesday,Wednesday,Thursday,Friday,Saturday,Sunday",@hrclagos,0,owner_verified,island,false,,,,[object Object],,,,,,
714e7557-aa92-493a-b7e1-eb4dbfc769ad,Hard Rock Cafe Lagos,"Landmark Village, Water Corporation Road, Oniru",88888888-8888-8888-8888-888888888888,"Chill,Dinner",25000,[object Object],true,2026-07-25T21:43:22.58448,manual,false,restaurant,true,2,vi,,2,,,"Monday,Tuesday,Wednesday,Thursday,Friday,Saturday,Sunday",,0,seed,island,false,,,,[object Object],,,,,,
75da4867-c4a0-4a34-8454-9346fa19e7c3,Haven11 Restaurant & Lounge,"41, Admiralty Road, Lekki Phase 1",77777777-7777-7777-7777-777777777777,"Chill,Dinner,Date Night,Squad Linkup,Lounge,Party,Fine Dining",60000,[object Object],true,2026-07-25T21:43:22.58448,manual,false,restaurant,true,2,lekki-phase-1,,2,,,"Monday,Tuesday,Wednesday,Thursday,Friday,Saturday,Sunday",,0,seed,island,false,,,,[object Object],,,,,,
90cd262c-3d37-4530-a6c5-7f459e315390,House 14 Lekki,Lekki Phase 1,77777777-7777-7777-7777-777777777777,"Chill,Dinner,Date Night,Squad Linkup,Lounge,Party",50000,[object Object],true,2026-07-25T20:49:58.703263,manual_verification,true,restaurant,true,2,lekki-phase-1,,2,,,"Monday,Tuesday,Wednesday,Thursday,Friday,Saturday,Sunday",@house14lekki,0,owner_verified,island,false,,,,[object Object],,,,,,
5a011dd2-a662-4ad2-a102-8e0e1aa0917d,HSE Gourmet,"25, Babatope Bejide Crescent, Lekki Phase 1",77777777-7777-7777-7777-777777777777,"Chill,Dinner,Date Night",40000,[object Object],true,2026-07-25T21:43:22.58448,manual,false,restaurant,true,2,lekki-phase-1,,2,,,"Monday,Tuesday,Wednesday,Thursday,Friday,Saturday,Sunday",,0,seed,island,false,,,,[object Object],,,,,,
267cbcdf-0ede-430f-b19d-56c8beb4dd54,Ikoyi Plaza Food Spots,Ikoyi Plaza area,99999999-9999-9999-9999-999911111111,"Chill,Dinner",25000,[object Object],true,2026-07-25T21:43:22.58448,manual,false,restaurant,true,2,ikoyi,,2,,,"Monday,Tuesday,Wednesday,Thursday,Friday,Saturday,Sunday",,0,seed,island,false,,,,[object Object],,,,,,
03182d7c-3e90-40ee-b4e1-fc98a4ef6373,Ikoyi Waterfront Hangout Cluster,Ikoyi waterfront areas,99999999-9999-9999-9999-999911111111,"Chill,Dinner",25000,[object Object],true,2026-07-25T21:43:22.58448,manual,false,restaurant,true,2,ikoyi,,2,,,"Monday,Tuesday,Wednesday,Thursday,Friday,Saturday,Sunday",,0,seed,island,false,,,,[object Object],,,,,,
54c6bae1-51a7-4b50-b517-d5a1416b8798,Il Sorriso,Ikoyi,99999999-9999-9999-9999-999911111111,"Chill,Dinner,Date Night",45000,[object Object],true,2026-07-25T20:49:58.703263,manual_verification,true,restaurant,true,2,ikoyi,,2,,,"Monday,Tuesday,Wednesday,Thursday,Friday,Saturday,Sunday",@ilsorrisolakoyi,0,owner_verified,island,false,,,,[object Object],,,,,,
caf546e1-d0b1-4fad-a367-21e485c99a9a,ILE EROS,"5b, Abeke Animashaun Street, Lekki Phase 1",77777777-7777-7777-7777-777777777777,"Chill,Dinner",22000,[object Object],true,2026-07-25T21:43:22.58448,manual,false,restaurant,true,2,lekki-phase-1,,2,,,"Monday,Tuesday,Wednesday,Thursday,Friday,Saturday,Sunday",,0,seed,island,false,,,,[object Object],,,,,,
f46b0c0e-8b4d-4563-aead-f836d1c32e4c,Ilé Iyán - Dr Muiz Banire,"Plot 6, Dr Muiz Banire Street, Lekki Phase 1",77777777-7777-7777-7777-777777777777,"Chill,Dinner",18000,[object Object],true,2026-07-25T21:43:22.58448,manual,false,restaurant,true,2,lekki-phase-1,,2,,,"Monday,Tuesday,Wednesday,Thursday,Friday,Saturday,Sunday",,0,seed,island,false,,,,[object Object],,,,,,
60881c0c-ab90-461c-9e92-7382a9d5cdc5,Ilé Iyán - Wole Olateju,"4A, Wole Olateju Crescent, Lekki Phase 1",77777777-7777-7777-7777-777777777777,"Chill,Dinner",18000,[object Object],true,2026-07-25T21:43:22.58448,manual,false,restaurant,true,2,lekki-phase-1,,2,,,"Monday,Tuesday,Wednesday,Thursday,Friday,Saturday,Sunday",,0,seed,island,false,,,,[object Object],,,,,,
79a31eb9-308c-4f66-9fb9-d6e16e3ef644,Indigo Restaurant and Bar,"242B, Muri Okunola Street, Victoria Island",88888888-8888-8888-8888-888888888888,"Chill,Dinner,Squad Linkup,Lounge,Party",25000,[object Object],true,2026-07-25T21:43:22.58448,manual,false,restaurant,true,2,vi,,2,,,"Monday,Tuesday,Wednesday,Thursday,Friday,Saturday,Sunday",,0,seed,island,false,,,,[object Object],,,,,,
3aba6317-dbff-488a-aec1-8c93d428c6d3,Inside Out Cafe,Ikoyi,99999999-9999-9999-9999-999911111111,"Chill,Dinner,Brunch",35000,[object Object],true,2026-07-25T20:49:58.703263,manual_verification,true,restaurant,true,2,ikoyi,,2,,,"Monday,Tuesday,Wednesday,Thursday,Friday,Saturday,Sunday",@insideoutikoyi,0,owner_verified,island,false,,,,[object Object],,,,,,
6c911787-de3b-4962-a853-375736e6622a,Island Bistro,Lekki Phase 1,77777777-7777-7777-7777-777777777777,"Chill,Dinner,Date Night",40000,[object Object],true,2026-07-25T20:49:58.703263,manual_verification,true,restaurant,true,2,lekki-phase-1,,2,,,"Monday,Tuesday,Wednesday,Thursday,Friday,Saturday,Sunday",@islandbistrolagos,0,owner_verified,island,false,,,,[object Object],,,,,,
57c24d3a-3d52-4dea-a69c-bacdeec56303,Izanagi,Victoria Island,88888888-8888-8888-8888-888888888888,"Chill,Dinner,Date Night,Fine Dining",50000,[object Object],true,2026-07-25T20:49:58.703263,manual_verification,true,restaurant,true,2,vi,,2,,,"Monday,Tuesday,Wednesday,Thursday,Friday,Saturday,Sunday",@izanagilagos,0,owner_verified,island,false,,,,[object Object],,,,,,
765975ba-b832-42d7-9ae3-5f2924b64e92,Izanagi Restaurant by The Blowfish Group,"19B, Idejo Street, Adeola Odeku Street, Victoria Island",88888888-8888-8888-8888-888888888888,"Chill,Dinner",25000,[object Object],true,2026-07-25T21:43:22.58448,manual,false,restaurant,true,2,vi,,2,,,"Monday,Tuesday,Wednesday,Thursday,Friday,Saturday,Sunday",,0,seed,island,false,,,,[object Object],,,,,,
b4d27da2-fbf4-4cb0-bbc2-0be5aab7451a,Jazzhole,"168 Awolowo Road, Ikoyi;",99999999-9999-9999-9999-999911111111,"Chill,Dinner",25000,[object Object],true,2026-07-25T21:43:22.58448,manual,false,restaurant,true,2,ikoyi,,2,,,"Monday,Tuesday,Wednesday,Thursday,Friday,Saturday,Sunday",,0,seed,island,false,,,,[object Object],,,,,,
42410d86-371f-4126-9210-dc393fb900d9,Jinja Lagos,"Ebonylifeplace, 1637, Adetokunbo Ademola, Victoria Island",88888888-8888-8888-8888-888888888888,"Chill,Dinner",25000,[object Object],true,2026-07-25T21:43:22.58448,manual,false,restaurant,true,2,vi,,2,,,"Monday,Tuesday,Wednesday,Thursday,Friday,Saturday,Sunday",,0,seed,island,false,,,,[object Object],,,,,,
332415f4-7851-4a68-a77d-d0823cbaadf9,Jinja Restaurant,Victoria Island,88888888-8888-8888-8888-888888888888,"Chill,Dinner,Date Night",45000,[object Object],true,2026-07-25T20:49:58.703263,manual_verification,true,restaurant,true,2,vi,,2,,,"Monday,Tuesday,Wednesday,Thursday,Friday,Saturday,Sunday",@jinjalagos,0,owner_verified,island,false,,,,[object Object],,,,,,
8d8995e3-0a20-46f1-aa73-21eacd23ec80,Kaly Lagos,"1, Akin Adesola, NumberOneBuilding, Victoria Island",88888888-8888-8888-8888-888888888888,"Chill,Dinner",25000,[object Object],true,2026-07-25T21:43:22.58448,manual,false,restaurant,true,2,vi,,2,,,"Monday,Tuesday,Wednesday,Thursday,Friday,Saturday,Sunday",,0,seed,island,false,,,,[object Object],,,,,,
e24bad1e-2842-425f-9b1c-d51b026d64c5,Kaly Restaurant & Bar Lounge,"7th Floor, Number One Building, 1 Akin Adesola, VI",88888888-8888-8888-8888-888888888888,"Date Night,Lounge,Dinner,Chill,Squad Linkup",60000,[object Object],true,2026-07-25T20:43:20.654321,manual_verification,true,restaurant,true,3,vi,,2,,,"Monday,Tuesday,Wednesday,Thursday,Friday,Saturday,Sunday",@kalyexperience,0,owner_verified,island,false,,,,[object Object],,,,,,
421be677-33bb-45d8-92d9-36e4ff217b39,Kapadoccia VI,Victoria Island,88888888-8888-8888-8888-888888888888,"Dinner,Foodie",45000,[object Object],true,2025-01-01T00:00:00,manual,false,restaurant,true,3,vi,fine-dining,4,upscale,evening,"Monday,Tuesday,Wednesday,Thursday,Friday,Saturday,Sunday",,0,seed,island,false,,,,[object Object],,,,,,
284803bc-e343-4ae4-84f0-d438f7f70df8,Kapadocia Lagos,Victoria Island,88888888-8888-8888-8888-888888888888,"Chill,Dinner,Date Night",45000,[object Object],true,2026-07-25T20:49:58.703263,manual_verification,true,restaurant,true,2,vi,,2,,,"Monday,Tuesday,Wednesday,Thursday,Friday,Saturday,Sunday",@kapadocialagos,0,owner_verified,island,false,,,,[object Object],,,,,,
2b3a98c5-0e1f-4b56-8403-62c330650f86,Ki Lagos,"31A, Ojuu Ologbon Close, Victoria Island",88888888-8888-8888-8888-888888888888,"Chill,Dinner",25000,[object Object],true,2026-07-25T21:43:22.58448,manual,false,restaurant,true,2,vi,,2,,,"Monday,Tuesday,Wednesday,Thursday,Friday,Saturday,Sunday",,0,seed,island,false,,,,[object Object],,,,,,
3fa7587b-bc95-46ee-8b4f-ed8757024e1c,Kingsway Road Cafe Cluster,"Along Kingsway Road, Ikoyi",99999999-9999-9999-9999-999911111111,"Chill,Dinner,Brunch",25000,[object Object],true,2026-07-25T21:43:22.58448,manual,false,restaurant,true,2,ikoyi,,2,,,"Monday,Tuesday,Wednesday,Thursday,Friday,Saturday,Sunday",,0,seed,island,false,,,,[object Object],,,,,,
bdd6bdbb-3dd1-4be7-94ba-0f875f6afed4,KOI Restaurant,Victoria Island,88888888-8888-8888-8888-888888888888,"Chill,Dinner,Date Night",50000,[object Object],true,2026-07-25T20:49:58.703263,manual_verification,true,restaurant,true,2,vi,,2,,,"Monday,Tuesday,Wednesday,Thursday,Friday,Saturday,Sunday",@koilagos,0,owner_verified,island,false,,,,[object Object],,,,,,
2825476a-66fe-497d-81f1-c4767c882e1e,KymaBeach Lagos,"Inside Elegushi Private Beach, Ikate",77777777-7777-7777-7777-777777777777,"Chill,Dinner,Date Night,Squad Linkup,Lounge,Party,Nature",80000,[object Object],true,2026-07-25T21:43:22.58448,manual,false,restaurant,true,2,lekki-phase-1,,2,,,"Monday,Tuesday,Wednesday,Thursday,Friday,Saturday,Sunday",,0,seed,island,false,,,,[object Object],,,,,,
a5e33c01-a321-420f-900c-3ea055b75b48,L'Afric Restaurant,Ikoyi,99999999-9999-9999-9999-999911111111,"Chill,Dinner,Date Night,Fine Dining",45000,[object Object],true,2026-07-25T20:49:58.703263,manual_verification,true,restaurant,true,2,ikoyi,,2,,,"Monday,Tuesday,Wednesday,Thursday,Friday,Saturday,Sunday",@lafricikoyi,0,owner_verified,island,false,,,,[object Object],,,,,,
35081388-e672-4f5b-87a6-91c86d2f26ab,La Chaumiere Restaurant,"1384, Tiamiyu Savage, Victoria Island",88888888-8888-8888-8888-888888888888,"Chill,Dinner",25000,[object Object],true,2026-07-25T21:43:22.58448,manual,false,restaurant,true,2,vi,,2,,,"Monday,Tuesday,Wednesday,Thursday,Friday,Saturday,Sunday",,0,seed,island,false,,,,[object Object],,,,,,
8fbc7d6a-80cb-4000-bee6-3b01073e4f19,La Taverna Lekki,Lekki Phase 1,77777777-7777-7777-7777-777777777777,"Chill,Dinner,Date Night",40000,[object Object],true,2026-07-25T20:49:58.703263,manual_verification,true,restaurant,true,2,lekki-phase-1,,2,,,"Monday,Tuesday,Wednesday,Thursday,Friday,Saturday,Sunday",@latavernalagos,0,owner_verified,island,false,,,,[object Object],,,,,,
b7e6eb3a-a33f-4bef-b128-661def924ada,La Taverna Restaurant,"48, Balarabe MuS Crescent, Victoria Island",88888888-8888-8888-8888-888888888888,"Chill,Dinner",25000,[object Object],true,2026-07-25T21:43:22.58448,manual,false,restaurant,true,2,vi,,2,,,"Monday,Tuesday,Wednesday,Thursday,Friday,Saturday,Sunday",,0,seed,island,false,,,,[object Object],,,,,,
fbaec449-dacc-4cbb-bbb8-ab9f932dfb2a,La Veranda,Victoria Island,88888888-8888-8888-8888-888888888888,"Chill,Dinner,Date Night",40000,[object Object],true,2026-07-25T20:49:58.703263,manual_verification,true,restaurant,true,2,vi,,2,,,"Monday,Tuesday,Wednesday,Thursday,Friday,Saturday,Sunday",@laverandalagos,0,owner_verified,island,false,,,,[object Object],,,,,,
b0b92bcd-fa5f-42e2-ad63-d620fa54adb8,Lala's bistro,"251A Sapara Williams, VI",88888888-8888-8888-8888-888888888888,Unknown,30000,[object Object],false,2026-07-05T00:43:29.155,crowd,false,restaurant,true,2,vi,,2,,,"Monday,Tuesday,Wednesday,Thursday,Friday,Saturday,Sunday",,0,seed,island,false,,,,[object Object],,,,,,
015cef30-547d-4f59-895f-8cfaab8e7e1a,Landmark Beach Lounges,Lekki Phase 1,77777777-7777-7777-7777-777777777777,"Chill,Dinner,Date Night,Nature",40000,[object Object],true,2026-07-25T20:49:58.703263,manual_verification,true,restaurant,true,2,lekki-phase-1,,2,,,"Monday,Tuesday,Wednesday,Thursday,Friday,Saturday,Sunday",@landmarkbeachlagos,0,owner_verified,island,false,,,,[object Object],,,,,,
e86f5b61-ff65-414d-adf5-915fa2c3f7fd,Lekki Conservation Centre,Lekki Expressway,77777777-7777-7777-7777-777777777777,"Chill,Foodie",5000,[object Object],true,2025-01-01T00:00:00,manual,false,nature,false,3,lekki-phase-1,park,2,families,morning,"Monday,Tuesday,Wednesday,Thursday,Friday,Saturday,Sunday",,8,seed,island,false,,,,[object Object],,,,,,
78416257-9c0b-4ebd-87f5-65c338821683,LiFE Club & Dining,Victoria Island,88888888-8888-8888-8888-888888888888,"Chill,Dinner,Date Night,Squad Linkup,Lounge,Party",50000,[object Object],true,2026-07-25T20:49:58.703263,manual_verification,true,restaurant,true,2,vi,,2,,,"Monday,Tuesday,Wednesday,Thursday,Friday,Saturday,Sunday",@lifelagos,0,owner_verified,island,false,,,,[object Object],,,,,,
06ac63a6-4cc2-48a1-a59e-08826010dd25,Lily and the Berry,Ikoyi,99999999-9999-9999-9999-999911111111,"Chill,Dinner",30000,[object Object],true,2026-07-25T20:49:58.703263,manual_verification,true,restaurant,true,2,ikoyi,,2,,,"Monday,Tuesday,Wednesday,Thursday,Friday,Saturday,Sunday",@lilyandtheberry,0,owner_verified,island,false,,,,[object Object],,,,,,
67db5d37-c8c7-482f-b02d-34107e80fccd,Liquid Hub Ikoyi,"7/12 Rumens Road, Ikoyi",99999999-9999-9999-9999-999911111111,"Chill,Dinner,Squad Linkup,Lounge,Party",25000,[object Object],true,2026-07-25T21:43:22.58448,manual,false,restaurant,true,2,ikoyi,,2,,,"Monday,Tuesday,Wednesday,Thursday,Friday,Saturday,Sunday",,0,seed,island,false,,,,[object Object],,,,,,
4faecb23-f126-4637-95f3-f0961103c7e8,Locale Lagos,"2, Saka Jojo Street, Victoria Island",88888888-8888-8888-8888-888888888888,"Chill,Dinner,Squad Linkup,Lounge,Party",25000,[object Object],true,2026-07-25T21:43:22.58448,manual,false,restaurant,true,2,vi,,2,,,"Monday,Tuesday,Wednesday,Thursday,Friday,Saturday,Sunday",,0,seed,island,false,,,,[object Object],,,,,,
9b30bfe6-4a36-453a-8bab-435810d9d627,Maison Eric Kayser,"Alliance Francaise, Victoria Island",88888888-8888-8888-8888-888888888888,"Chill,Dinner,Brunch",25000,[object Object],true,2026-07-25T21:43:22.58448,manual,false,restaurant,true,2,vi,,2,,,"Monday,Tuesday,Wednesday,Thursday,Friday,Saturday,Sunday",,0,seed,island,false,,,,[object Object],,,,,,
e29c9ddc-38a9-4aa9-8ebb-dd32c3ca0427,Maison Kayser Ikoyi,Ikoyi,99999999-9999-9999-9999-999911111111,"Chill,Dinner",35000,[object Object],true,2026-07-25T20:49:58.703263,manual_verification,true,restaurant,true,2,ikoyi,,2,,,"Monday,Tuesday,Wednesday,Thursday,Friday,Saturday,Sunday",@maisonkayserng,0,owner_verified,island,false,,,,[object Object],,,,,,
82bbe34a-067e-4a48-8b9e-92c4951b88eb,Mako Ikoyi,Ikoyi,99999999-9999-9999-9999-999911111111,"Chill,Dinner,Date Night",45000,[object Object],true,2026-07-25T20:49:58.703263,manual_verification,true,restaurant,true,2,ikoyi,,2,,,"Monday,Tuesday,Wednesday,Thursday,Friday,Saturday,Sunday",@makoikoyi,0,owner_verified,island,false,,,,[object Object],,,,,,
387281e0-e137-4712-9b24-dc90b60072f4,Mamatcha Cafe,"30 Fola Osibo road, Lekki phase1",77777777-7777-7777-7777-777777777777,Unknown,20000,[object Object],false,2026-07-05T00:43:30.205,crowd,false,cafe,true,2,lekki-phase-1,,2,,,"Monday,Tuesday,Wednesday,Thursday,Friday,Saturday,Sunday",,0,seed,island,false,,,,[object Object],,,,,,
30f2ac4d-00dc-4947-afda-66d96febea3b,Manuela Residence Restaurant,"13, Taslim Elias Close, Victoria Island",88888888-8888-8888-8888-888888888888,"Chill,Dinner",25000,[object Object],true,2026-07-25T21:43:22.58448,manual,false,restaurant,true,2,vi,,2,,,"Monday,Tuesday,Wednesday,Thursday,Friday,Saturday,Sunday",,0,seed,island,false,,,,[object Object],,,,,,
375e9ac7-b638-49ee-bf55-7c25641a43fc,Map Lagos,Lekki Phase 1,77777777-7777-7777-7777-777777777777,"Chill,Dinner,Date Night,Squad Linkup,Lounge,Party,Fine Dining",55000,[object Object],true,2026-07-25T20:49:58.703263,manual_verification,true,restaurant,true,2,lekki-phase-1,,2,,,"Monday,Tuesday,Wednesday,Thursday,Friday,Saturday,Sunday",@maplagos,0,owner_verified,island,false,,,,[object Object],,,,,,
657dd2a4-7e7c-46c9-bb3f-97ae70eb28b9,Maple Lagos,Lekki Phase 1,77777777-7777-7777-7777-777777777777,"Brunch,Date Night,Dinner,Chill,Squad Linkup",45000,[object Object],true,2026-07-25T20:43:20.654321,manual_verification,true,restaurant,true,2,lekki-phase-1,,2,,,"Monday,Tuesday,Wednesday,Thursday,Friday,Saturday,Sunday",@maple.lagos,0,owner_verified,island,false,,,,[object Object],,,,,,
bc1739c0-7828-4978-9646-7c4f0c93fdd4,Maple Lagos,"9, Otunba Adedoyin Ogungbe Street, Lekki Phase 1",77777777-7777-7777-7777-777777777777,"Chill,Dinner",22000,[object Object],true,2026-07-25T21:43:22.58448,manual,false,restaurant,true,2,lekki-phase-1,,2,,,"Monday,Tuesday,Wednesday,Thursday,Friday,Saturday,Sunday",,0,seed,island,false,,,,[object Object],,,,,,
5add5751-5fa4-4737-996d-dd1c6a60b6a6,Maze Restaurant,Victoria Island,88888888-8888-8888-8888-888888888888,"Chill,Dinner,Date Night",45000,[object Object],true,2026-07-25T20:49:58.703263,manual_verification,true,restaurant,true,2,vi,,2,,,"Monday,Tuesday,Wednesday,Thursday,Friday,Saturday,Sunday",@mazelagos,0,owner_verified,island,false,,,,[object Object],,,,,,
c4ac40db-aeab-43ec-8218-48bc141c03a9,Mercury Lagos,"99 Ajose Adeogun, Victoria Island",88888888-8888-8888-8888-888888888888,"Date Night,Lounge,Dinner,Chill,Squad Linkup",40000,[object Object],true,2026-07-25T20:43:20.654321,manual_verification,false,restaurant,true,3,vi,,2,,,"Monday,Tuesday,Wednesday,Thursday,Friday,Saturday,Sunday",,0,owner_verified,island,false,,,,[object Object],,,,,,
fdc2bb26-5bc1-486d-8a7b-3731f9979f55,Miliki,"7B Etim Inyang Crescent, Victoria Island/Ikoyi axis;",99999999-9999-9999-9999-999911111111,"Chill,Dinner,Squad Linkup,Lounge,Party",25000,[object Object],true,2026-07-25T21:43:22.58448,manual,false,restaurant,true,2,ikoyi,,2,,,"Monday,Tuesday,Wednesday,Thursday,Friday,Saturday,Sunday",,0,seed,island,false,,,,[object Object],,,,,,
c373b84e-7fd8-4ffc-919a-c1d6756b1b18,Milk and Honey,Ikoyi,99999999-9999-9999-9999-999911111111,"Chill,Dinner,Brunch",35000,[object Object],true,2026-07-25T20:49:58.703263,manual_verification,true,restaurant,true,2,ikoyi,,2,,,"Monday,Tuesday,Wednesday,Thursday,Friday,Saturday,Sunday",@milkandhoney.ng,0,owner_verified,island,false,,,,[object Object],,,,,,
8a1f3c32-3b44-4ab3-a28f-e8987702dadf,Moist Beach Club,Lekki Phase 1,77777777-7777-7777-7777-777777777777,"Chill,Dinner,Date Night,Squad Linkup,Lounge,Party,Nature",50000,[object Object],true,2026-07-25T20:49:58.703263,manual_verification,true,restaurant,true,2,lekki-phase-1,,2,,,"Monday,Tuesday,Wednesday,Thursday,Friday,Saturday,Sunday",@moistbeachclub,0,owner_verified,island,false,,,,[object Object],,,,,,
09f47d91-8f90-487b-a0fd-b8ed4aeb769a,Mood Lagos,Lekki Phase 1,77777777-7777-7777-7777-777777777777,"Chill,Dinner,Date Night,Squad Linkup,Lounge,Party",45000,[object Object],true,2026-07-25T20:49:58.703263,manual_verification,true,restaurant,true,2,lekki-phase-1,,2,,,"Monday,Tuesday,Wednesday,Thursday,Friday,Saturday,Sunday",@moodlagos,0,owner_verified,island,false,,,,[object Object],,,,,,
b046645f-feaf-46bd-a9c7-b05f5be4c59c,My Food by Hilda,"8a, Emma Abimbola Cole, Lekki Phase 1",77777777-7777-7777-7777-777777777777,"Chill,Dinner",15000,[object Object],true,2026-07-25T21:43:22.58448,manual,false,restaurant,true,2,lekki-phase-1,,2,,,"Monday,Tuesday,Wednesday,Thursday,Friday,Saturday,Sunday",,0,seed,island,false,,,,[object Object],,,,,,
b54073d0-e7ea-4de4-bf6a-728b4f641448,Nike Art Gallery,"Ikate, Lekki",77777777-7777-7777-7777-777777777777,"Chill,Dinner",2000,[object Object],true,2025-01-01T00:00:00,manual,false,experience,false,2,lekki-phase-1,art-culture,1,mixed,afternoon,"Monday,Tuesday,Wednesday,Thursday,Friday,Saturday,Sunday",,0,seed,island,false,,,,[object Object],,,,,,
94b6f631-a5f8-4810-8869-0ba9def5bcfc,NOK by Alara,"12A Akin Olugbade Street, Victoria Island",88888888-8888-8888-8888-888888888888,"Chill,Dinner,Nature,Brunch",25000,[object Object],true,2026-07-25T21:43:22.58448,manual,false,restaurant,true,2,vi,,2,,,"Monday,Tuesday,Wednesday,Thursday,Friday,Saturday,Sunday",,0,seed,island,false,,,,[object Object],,,,,,
2c365644-4bba-4302-9cb0-f02c34231339,NOK by Alara,"12A Akin Olugbade Street, Victoria Island",88888888-8888-8888-8888-888888888888,"Date Night,Fine Dining,Dinner,Chill",55000,[object Object],true,2026-07-25T20:43:20.654321,manual_verification,true,restaurant,true,2,vi,,2,,,"Monday,Tuesday,Wednesday,Thursday,Friday,Saturday,Sunday",@nokbyalara,0,owner_verified,island,false,,,,[object Object],,,,,,
85647000-5536-481f-acb2-ced67687557f,Nomaada,"4B, Musa Yar'adua Street, Victoria Island",88888888-8888-8888-8888-888888888888,"Chill,Dinner",25000,[object Object],true,2026-07-25T21:43:22.58448,manual,false,restaurant,true,2,vi,,2,,,"Monday,Tuesday,Wednesday,Thursday,Friday,Saturday,Sunday",,0,seed,island,false,,,,[object Object],,,,,,
bec96ab5-ed30-4296-9ccf-4e573bf760a8,Nosh Lagos,"2, Ichie Kris Onyekweju Street, Off Abeke Animashaun Street, Off Chris Madweke Road, Lekki Phase 1",77777777-7777-7777-7777-777777777777,"Chill,Dinner",25000,[object Object],true,2026-07-25T21:43:22.58448,manual,false,restaurant,true,2,lekki-phase-1,,2,,,"Monday,Tuesday,Wednesday,Thursday,Friday,Saturday,Sunday",,0,seed,island,false,,,,[object Object],,,,,,
e9da7c17-5fb7-4def-8213-cf06999fd501,Nuli Lounge Ikoyi,"120 Awolowo Road, Ikoyi",99999999-9999-9999-9999-999911111111,"Chill,Dinner,Squad Linkup,Lounge,Party",25000,[object Object],true,2026-07-25T21:43:22.58448,manual,false,restaurant,true,2,ikoyi,,2,,,"Monday,Tuesday,Wednesday,Thursday,Friday,Saturday,Sunday",,0,seed,island,false,,,,[object Object],,,,,,
7d79d624-109f-495a-b2b6-5c25518a8280,Ocean Basket VI,Victoria Island,88888888-8888-8888-8888-888888888888,"Chill,Dinner",35000,[object Object],true,2026-07-25T20:49:58.703263,manual_verification,true,restaurant,true,2,vi,,2,,,"Monday,Tuesday,Wednesday,Thursday,Friday,Saturday,Sunday",@oceanbasketng,0,owner_verified,island,false,,,,[object Object],,,,,,
4de612f4-7a7a-4769-aafd-ce6452ae6a3f,Oceans 5 Lekki,Lekki Phase 1,77777777-7777-7777-7777-777777777777,"Chill,Dinner,Date Night,Squad Linkup,Lounge,Party",40000,[object Object],true,2026-07-25T20:49:58.703263,manual_verification,true,restaurant,true,2,lekki-phase-1,,2,,,"Monday,Tuesday,Wednesday,Thursday,Friday,Saturday,Sunday",@oceans5lagos,0,owner_verified,island,false,,,,[object Object],,,,,,
1d7d354c-4a51-4399-a78a-7caf3f66462a,Orchid House,Victoria Island,88888888-8888-8888-8888-888888888888,"Chill,Dinner,Date Night",40000,[object Object],true,2026-07-25T20:49:58.703263,manual_verification,true,restaurant,true,2,vi,,2,,,"Monday,Tuesday,Wednesday,Thursday,Friday,Saturday,Sunday",@orchidhousethai,0,owner_verified,island,false,,,,[object Object],,,,,,
9d534ffe-ec68-4e02-80d0-1b43d551d487,Osteria dei Nonni,Ikoyi,99999999-9999-9999-9999-999911111111,"Chill,Dinner,Date Night",50000,[object Object],true,2026-07-25T20:49:58.703263,manual_verification,true,restaurant,true,2,ikoyi,,2,,,"Monday,Tuesday,Wednesday,Thursday,Friday,Saturday,Sunday",@osteriadeinonni,0,owner_verified,island,false,,,,[object Object],,,,,,
713464d3-35c3-49c4-a232-c1d98b3bebca,Panu Lagos,"9, Otunba Adedoyin Ogungbe Street, Lekki Phase 1",77777777-7777-7777-7777-777777777777,"Chill,Dinner",25000,[object Object],true,2026-07-25T21:43:22.58448,manual,false,restaurant,true,2,lekki-phase-1,,2,,,"Monday,Tuesday,Wednesday,Thursday,Friday,Saturday,Sunday",,0,seed,island,false,,,,[object Object],,,,,,
e7102175-bb35-423c-b2b3-2f86a72614be,Paradis Lagos,Lekki Phase 1,77777777-7777-7777-7777-777777777777,"Chill,Dinner,Date Night,Squad Linkup,Lounge,Party",40000,[object Object],true,2026-07-25T20:49:58.703263,manual_verification,true,restaurant,true,2,lekki-phase-1,,2,,,"Monday,Tuesday,Wednesday,Thursday,Friday,Saturday,Sunday",@paradislagos,0,owner_verified,island,false,,,,[object Object],,,,,,
9e73d638-688a-4eaf-bba9-1a7f7c953468,Parkview Estate Food Spots,"Parkview Estate, Ikoyi",99999999-9999-9999-9999-999911111111,"Chill,Dinner",25000,[object Object],true,2026-07-25T21:43:22.58448,manual,false,restaurant,true,2,ikoyi,,2,,,"Monday,Tuesday,Wednesday,Thursday,Friday,Saturday,Sunday",,0,seed,island,false,,,,[object Object],,,,,,
46cb0e43-f480-45a6-91a0-d3d9ea42ba92,Phoenix by Pitstop,Ikoyi,99999999-9999-9999-9999-999911111111,"Chill,Dinner,Date Night,Squad Linkup,Lounge,Party",45000,[object Object],true,2026-07-25T20:49:58.703263,manual_verification,true,restaurant,true,2,ikoyi,,2,,,"Monday,Tuesday,Wednesday,Thursday,Friday,Saturday,Sunday",@phoenixbypitstop,0,owner_verified,island,false,,,,[object Object],,,,,,
10cc47fb-7fb5-4421-bf52-bf803936dcf1,Pitch by Mark,Ikoyi,99999999-9999-9999-9999-999911111111,"Chill,Dinner,Date Night,Squad Linkup,Lounge,Party",45000,[object Object],true,2026-07-25T20:49:58.703263,manual_verification,true,restaurant,true,2,ikoyi,,2,,,"Monday,Tuesday,Wednesday,Thursday,Friday,Saturday,Sunday",@pitchbymark,0,owner_verified,island,false,,,,[object Object],,,,,,
87b01ce0-0892-4306-a910-c74d45dfc449,Pitstop Cafe Ikoyi,Ikoyi,99999999-9999-9999-9999-999911111111,"Chill,Dinner",35000,[object Object],true,2026-07-25T20:49:58.703263,manual_verification,true,restaurant,true,2,ikoyi,,2,,,"Monday,Tuesday,Wednesday,Thursday,Friday,Saturday,Sunday",@pitstoplagos,0,owner_verified,island,false,,,,[object Object],,,,,,
5f2c6883-0a9c-49ea-8bc4-88c269fa3623,Pitstop Lekki,Lekki Phase 1,77777777-7777-7777-7777-777777777777,"Chill,Dinner",35000,[object Object],true,2026-07-25T20:49:58.703263,manual_verification,true,restaurant,true,2,lekki-phase-1,,2,,,"Monday,Tuesday,Wednesday,Thursday,Friday,Saturday,Sunday",@pitstoplagos,0,owner_verified,island,false,,,,[object Object],,,,,,
734924f8-dbf3-4716-ae13-03d943dd82ca,PizzaGarden Lagos,"Ebonylifeplace, 1637, Adetokunbo Ademola, Victoria Island",88888888-8888-8888-8888-888888888888,"Chill,Dinner",25000,[object Object],true,2026-07-25T21:43:22.58448,manual,false,restaurant,true,2,vi,,2,,,"Monday,Tuesday,Wednesday,Thursday,Friday,Saturday,Sunday",,0,seed,island,false,,,,[object Object],,,,,,
dc6e96c2-4c4c-4068-bbfd-cc973e2bd535,Pop landmark,"3/4 water corporation drive, VI",88888888-8888-8888-8888-888888888888,Unknown,50000,[object Object],false,2026-07-05T00:43:29.442,crowd,false,activity,true,2,vi,,2,,,"Monday,Tuesday,Wednesday,Thursday,Friday,Saturday,Sunday",,0,seed,island,false,,,,[object Object],,,,,,
0131640b-86b7-42f4-9fe7-cb4fe76d34a5,Prime Chinese,Victoria Island,88888888-8888-8888-8888-888888888888,"Chill,Dinner,Date Night",40000,[object Object],true,2026-07-25T20:49:58.703263,manual_verification,true,restaurant,true,2,vi,,2,,,"Monday,Tuesday,Wednesday,Thursday,Friday,Saturday,Sunday",@primechineselagos,0,owner_verified,island,false,,,,[object Object],,,,,,
c030abfe-178c-4a44-bc12-8ac8a34f6004,R.S.V.P. Lagos,"9 Eletu Ogabi Street, Victoria Island",88888888-8888-8888-8888-888888888888,"Chill,Dinner",25000,[object Object],true,2026-07-25T21:43:22.58448,manual,false,restaurant,true,2,vi,,2,,,"Monday,Tuesday,Wednesday,Thursday,Friday,Saturday,Sunday",,0,seed,island,false,,,,[object Object],,,,,,
bcb56fcb-67ef-48ad-a775-d18efb14f30a,Rapa Nui,"256, Etim Inyang Crescent, Victoria Island",88888888-8888-8888-8888-888888888888,"Chill,Dinner",25000,[object Object],true,2026-07-25T21:43:22.58448,manual,false,restaurant,true,2,vi,,2,,,"Monday,Tuesday,Wednesday,Thursday,Friday,Saturday,Sunday",,0,seed,island,false,,,,[object Object],,,,,,
c76a97f8-0a3a-4559-aa61-d82098668717,Red Chinese Restaurant,Victoria Island,88888888-8888-8888-8888-888888888888,"Chill,Dinner,Date Night,Fine Dining",50000,[object Object],true,2026-07-25T20:49:58.703263,manual_verification,true,restaurant,true,2,vi,,2,,,"Monday,Tuesday,Wednesday,Thursday,Friday,Saturday,Sunday",@ekohotels,0,owner_verified,island,false,,,,[object Object],,,,,,
398c6741-7cad-4711-882a-b0283c0dc987,Red Chinese Restaurant,"Eko Hotel, 1415, Adetokunbo Ademola Street, Victoria Island",88888888-8888-8888-8888-888888888888,"Chill,Dinner",25000,[object Object],true,2026-07-25T21:43:22.58448,manual,false,restaurant,true,2,vi,,2,,,"Monday,Tuesday,Wednesday,Thursday,Friday,Saturday,Sunday",,0,seed,island,false,,,,[object Object],,,,,,
b3c330e4-5b11-4d87-acba-0427aaaf9aa2,Rora Lagos,"20, Ologun Agbaje, Victoria Island",88888888-8888-8888-8888-888888888888,"Chill,Dinner,Squad Linkup,Lounge,Party",25000,[object Object],true,2026-07-25T21:43:22.58448,manual,false,restaurant,true,2,vi,,2,,,"Monday,Tuesday,Wednesday,Thursday,Friday,Saturday,Sunday",,0,seed,island,false,,,,[object Object],,,,,,
41ebf67d-51f2-49ae-84a1-fe53752793f0,RSVP Lagos,"9 Eletu Ogabi Street, Victoria Island",88888888-8888-8888-8888-888888888888,"Date Night,Fine Dining,Dinner,Chill",50000,[object Object],true,2026-07-25T20:43:20.654321,manual_verification,true,restaurant,true,2,vi,,2,,,"Monday,Tuesday,Wednesday,Thursday,Friday,Saturday,Sunday",@rsvp.lagos,0,owner_verified,island,false,,,,[object Object],,,,,,
36c6b0c7-ae74-43b5-b1c8-99b5c29e1386,Rufus & Bee,"Twin Waters, Lekki",77777777-7777-7777-7777-777777777777,"Party,Chill",15000,[object Object],true,2025-01-01T00:00:00,manual,false,activity,true,3,lekki-phase-1,arcade,3,young-professionals,night,"Monday,Tuesday,Wednesday,Thursday,Friday,Saturday,Sunday",,0,seed,island,false,,,,[object Object],,,,,,
14adebd6-29f0-4abc-97fc-38c72d0d63a1,Rufus & Bee,Lekki Phase 1,77777777-7777-7777-7777-777777777777,"Chill,Dinner,Date Night",45000,[object Object],true,2026-07-25T20:49:58.703263,manual_verification,true,restaurant,true,2,lekki-phase-1,,2,,,"Monday,Tuesday,Wednesday,Thursday,Friday,Saturday,Sunday",@rufusandbee,0,owner_verified,island,false,,,,[object Object],,,,,,
61bc02e3-8bca-447e-9bb1-0cdeb7ea7589,Saffron Gourmet,Victoria Island,88888888-8888-8888-8888-888888888888,"Chill,Dinner,Date Night",45000,[object Object],true,2026-07-25T20:49:58.703263,manual_verification,true,restaurant,true,2,vi,,2,,,"Monday,Tuesday,Wednesday,Thursday,Friday,Saturday,Sunday",@saffrongourmetlagos,0,owner_verified,island,false,,,,[object Object],,,,,,
2be9fb5a-0c2b-4e3f-baf8-397ddfb34564,Sailor's Lounge,Lekki Phase 1,77777777-7777-7777-7777-777777777777,"Chill,Dinner,Date Night,Nature",40000,[object Object],true,2026-07-25T20:49:58.703263,manual_verification,true,restaurant,true,2,lekki-phase-1,,2,,,"Monday,Tuesday,Wednesday,Thursday,Friday,Saturday,Sunday",@sailorslounge,0,owner_verified,island,false,,,,[object Object],,,,,,
0d2b6b43-cc9b-4503-bfa3-6809a5849c26,Salma's Lebanese Cuisine,"20-24, Ozumba Mbadiwe, Victoria Island",88888888-8888-8888-8888-888888888888,"Chill,Dinner",25000,[object Object],true,2026-07-25T21:43:22.58448,manual,false,restaurant,true,2,vi,,2,,,"Monday,Tuesday,Wednesday,Thursday,Friday,Saturday,Sunday",,0,seed,island,false,,,,[object Object],,,,,,
f66d9d83-45d3-4aa2-9049-8c6eca0e7be6,Salma's Lebanese Cuisine,Victoria Island,88888888-8888-8888-8888-888888888888,"Chill,Dinner,Date Night",40000,[object Object],true,2026-07-25T20:49:58.703263,manual_verification,true,restaurant,true,2,vi,,2,,,"Monday,Tuesday,Wednesday,Thursday,Friday,Saturday,Sunday",@salmaslagos,0,owner_verified,island,false,,,,[object Object],,,,,,
89a462f9-2718-4775-afb3-5dd1f75910b8,Samantha's Bistro & Grill,"Victoria Island, Ikoyi area;  exact branch",88888888-8888-8888-8888-888888888888,"Chill,Dinner,Brunch",25000,[object Object],true,2026-07-25T21:43:22.58448,manual,false,restaurant,true,2,vi,,2,,,"Monday,Tuesday,Wednesday,Thursday,Friday,Saturday,Sunday",,0,seed,island,false,,,,[object Object],,,,,,
990f2ae4-51e8-4316-abc8-8caa5d883f84,Shark House 101,"12, Olubunmi Owa Street, Admiralty Way, Lekki Phase 1",77777777-7777-7777-7777-777777777777,"Chill,Dinner,Date Night",50000,[object Object],true,2026-07-25T21:43:22.58448,manual,false,restaurant,true,2,lekki-phase-1,,2,,,"Monday,Tuesday,Wednesday,Thursday,Friday,Saturday,Sunday",,0,seed,island,false,,,,[object Object],,,,,,
74542d99-4a5b-4aef-8a8e-362b1a18738f,Shiro Lagos,"Block XVI, Plots 3 & 4, Victoria Island Oniru Estate",88888888-8888-8888-8888-888888888888,"Date Night,Dinner,Fine Dining,Chill,Squad Linkup",40000,[object Object],true,2026-07-25T20:43:20.654321,manual_verification,true,restaurant,true,2,vi,,2,,,"Monday,Tuesday,Wednesday,Thursday,Friday,Saturday,Sunday",@shirolagos,0,owner_verified,island,false,,,,[object Object],,,,,,
26b6980b-09f6-4add-99e7-f5f25b58059e,Shiro Lagos,"Landmark Village, Water Corporation Road, Oniru, Victoria Island",88888888-8888-8888-8888-888888888888,"Chill,Dinner,Fine Dining",25000,[object Object],true,2026-07-25T21:43:22.58448,manual,false,restaurant,true,2,vi,,2,,,"Monday,Tuesday,Wednesday,Thursday,Friday,Saturday,Sunday",,0,seed,island,false,,,,[object Object],,,,,,
2727f1eb-c9a2-4e24-9a4e-7326a212dde0,Shiro Lagos,"Landmark Centre, VI",88888888-8888-8888-8888-888888888888,"Dinner,Foodie",35000,[object Object],true,2025-01-01T00:00:00,instagram,false,restaurant,true,3,vi,fine-dining,4,upscale,night,"Monday,Tuesday,Wednesday,Thursday,Friday,Saturday,Sunday",,6,seed,island,false,,,,[object Object],,,,,,
8d601feb-84ac-49f9-909e-4e2728a1fc60,Shu Garden Restaurants,"Ozumba Mbadiwe, Eti-Osa, Victoria Island",88888888-8888-8888-8888-888888888888,"Chill,Dinner",25000,[object Object],true,2026-07-25T21:43:22.58448,manual,false,restaurant,true,2,vi,,2,,,"Monday,Tuesday,Wednesday,Thursday,Friday,Saturday,Sunday",@10pm,0,seed,island,false,,,,[object Object],,,,,,
5ff52887-eacb-4d9d-b541-1fe8c72b8212,Skah Lagos,"31A, Admiralty Way, Lekki Phase 1",77777777-7777-7777-7777-777777777777,"Chill,Dinner,Date Night",30000,[object Object],true,2026-07-25T21:43:22.58448,manual,false,restaurant,true,2,lekki-phase-1,,2,,,"Monday,Tuesday,Wednesday,Thursday,Friday,Saturday,Sunday",,0,seed,island,false,,,,[object Object],,,,,,
f447f3a5-ad74-45ba-b95a-5f1da5c207df,Sky Restaurant & Lounge,Victoria Island,88888888-8888-8888-8888-888888888888,"Chill,Dinner,Date Night,Fine Dining",60000,[object Object],true,2026-07-25T20:49:58.703263,manual_verification,true,restaurant,true,2,vi,,2,,,"Monday,Tuesday,Wednesday,Thursday,Friday,Saturday,Sunday",@ekohotels,0,owner_verified,island,false,,,,[object Object],,,,,,
e585c667-0646-4fa9-a159-a1597baf97a4,Sky Restaurant & Lounge,"Eko Hotel, 1415, Adetokunbo Ademola Street, Victoria Island",88888888-8888-8888-8888-888888888888,"Chill,Dinner,Squad Linkup,Lounge,Party",25000,[object Object],true,2026-07-25T21:43:22.58448,manual,false,restaurant,true,2,vi,,2,,,"Monday,Tuesday,Wednesday,Thursday,Friday,Saturday,Sunday",,0,seed,island,false,,,,[object Object],,,,,,
48ddb66b-8d93-4811-b2e7-5b736085ff61,Skyfall Oceanfront Club,Lekki Phase 1,77777777-7777-7777-7777-777777777777,"Chill,Dinner,Date Night,Nature",50000,[object Object],true,2026-07-25T20:49:58.703263,manual_verification,true,restaurant,true,2,lekki-phase-1,,2,,,"Monday,Tuesday,Wednesday,Thursday,Friday,Saturday,Sunday",@skyfalloceanfront,0,owner_verified,island,false,,,,[object Object],,,,,,
71bcdbcc-7804-44ac-ac1a-37f4971b92eb,Slay Lounge,Lekki Phase 1,77777777-7777-7777-7777-777777777777,"Chill,Dinner,Date Night,Squad Linkup,Lounge,Party",50000,[object Object],true,2026-07-25T20:49:58.703263,manual_verification,true,restaurant,true,2,lekki-phase-1,,2,,,"Monday,Tuesday,Wednesday,Thursday,Friday,Saturday,Sunday",@slayloungelagos,0,owner_verified,island,false,,,,[object Object],,,,,,
8b9c222c-88cf-4756-b7ba-6c11d497e46b,Slice Lagos,Lekki Phase 1,77777777-7777-7777-7777-777777777777,"Chill,Dinner,Date Night,Squad Linkup,Lounge,Party,Fine Dining",50000,[object Object],true,2026-07-25T20:49:58.703263,manual_verification,true,restaurant,true,2,lekki-phase-1,,2,,,"Monday,Tuesday,Wednesday,Thursday,Friday,Saturday,Sunday",@slicelagos,0,owner_verified,island,false,,,,[object Object],,,,,,
7ae343fc-444c-48ed-a5fb-259fb200b9d0,Slow Lagos,Victoria Island,88888888-8888-8888-8888-888888888888,"Chill,Dinner,Date Night,Fine Dining",60000,[object Object],true,2026-07-25T20:49:58.703263,manual_verification,true,restaurant,true,2,vi,,2,,,"Monday,Tuesday,Wednesday,Thursday,Friday,Saturday,Sunday",@slow.lagos,0,owner_verified,island,false,,,,[object Object],,,,,,
a1dc0222-da20-4bae-b181-40d8071b9f01,SLoW Lagos,"2 Musa Yar'Adua Street, Victoria Island",88888888-8888-8888-8888-888888888888,"Chill,Dinner",25000,[object Object],true,2026-07-25T21:43:22.58448,manual,false,restaurant,true,2,vi,,2,,,"Monday,Tuesday,Wednesday,Thursday,Friday,Saturday,Sunday",,0,seed,island,false,,,,[object Object],,,,,,
1e3aa4be-51b1-44f5-9662-b3ace2a0a93b,Soho Lagos,"6A, Ogbunike Street, Lekki Phase 1",77777777-7777-7777-7777-777777777777,"Chill,Dinner,Date Night",40000,[object Object],true,2026-07-25T21:43:22.58448,manual,false,restaurant,true,2,lekki-phase-1,,2,,,"Monday,Tuesday,Wednesday,Thursday,Friday,Saturday,Sunday",,0,seed,island,false,,,,[object Object],,,,,,
8a39258c-6d48-4db6-a6d9-86a39bf5f4d2,Sol Beach Lagos,Lekki Phase 1,77777777-7777-7777-7777-777777777777,"Chill,Dinner,Date Night,Squad Linkup,Lounge,Party,Nature",50000,[object Object],true,2026-07-25T20:49:58.703263,manual_verification,true,restaurant,true,2,lekki-phase-1,,2,,,"Monday,Tuesday,Wednesday,Thursday,Friday,Saturday,Sunday",@solbeachlagos,0,owner_verified,island,false,,,,[object Object],,,,,,
f2f28717-61f9-4e3e-8232-494201213aec,Sora Lagos,"15th Floor, Trinity Towers, Chief Yesufu Abiodun Oniru Road",88888888-8888-8888-8888-888888888888,"Chill,Dinner,Squad Linkup,Lounge,Party",25000,[object Object],true,2026-07-25T21:43:22.58448,manual,false,restaurant,true,2,vi,,2,,,"Monday,Tuesday,Wednesday,Thursday,Friday,Saturday,Sunday",,0,seed,island,false,,,,[object Object],,,,,,
3ce092ad-9eee-4d65-8e1a-f9911b79be54,South Eatery and Social House,"92B, Younis Bashorun Street, Victoria Island",88888888-8888-8888-8888-888888888888,"Chill,Dinner",25000,[object Object],true,2026-07-25T21:43:22.58448,manual,false,restaurant,true,2,vi,,2,,,"Monday,Tuesday,Wednesday,Thursday,Friday,Saturday,Sunday",,0,seed,island,false,,,,[object Object],,,,,,
400247ee-bc75-4039-9d6a-03092dac2173,Stories Lagos,"19, Da Silva, Lekki Phase 1",77777777-7777-7777-7777-777777777777,"Chill,Dinner",25000,[object Object],true,2026-07-25T21:43:22.58448,manual,false,restaurant,true,2,lekki-phase-1,,2,,,"Monday,Tuesday,Wednesday,Thursday,Friday,Saturday,Sunday",,0,seed,island,false,,,,[object Object],,,,,,
2fdc865e-b42c-44b7-91cd-29001ec9dedc,Talindo Steak House,"7b, Karimu Kotun, Victoria Island",88888888-8888-8888-8888-888888888888,"Chill,Dinner",25000,[object Object],true,2026-07-25T21:43:22.58448,manual,false,restaurant,true,2,vi,,2,,,"Monday,Tuesday,Wednesday,Thursday,Friday,Saturday,Sunday",,0,seed,island,false,,,,[object Object],,,,,,
e5fe5ff7-b453-4965-b24e-135066f8c369,Talindo Steak House,"7B Karimu Kotun Street, Victoria Island",88888888-8888-8888-8888-888888888888,"Date Night,Fine Dining,Dinner",65000,[object Object],true,2026-07-25T20:43:20.654321,manual_verification,true,restaurant,true,2,vi,,2,,,"Monday,Tuesday,Wednesday,Thursday,Friday,Saturday,Sunday",@talindosteakhouse,0,owner_verified,island,false,,,,[object Object],,,,,,
38813496-9589-4617-8eff-ff4f9d6c5469,Tarragon Lagos,"50 Raymond Njoku St, Ikoyi, Lagos",99999999-9999-9999-9999-999911111111,"Chill,Dinner,Fine Dining",202,[object Object],true,2026-07-25T21:43:22.58448,manual,false,restaurant,true,2,ikoyi,,2,,,"Monday,Tuesday,Wednesday,Thursday,Friday,Saturday,Sunday",@only,0,seed,island,false,,,,[object Object],,,,,,
50e6250b-e07e-4727-93fc-735f1113d55c,Terra Kulture,"1376, Tiamiyu Savage, Off Ahmadu Bello Way, Victoria Island",88888888-8888-8888-8888-888888888888,"Chill,Dinner",25000,[object Object],true,2026-07-25T21:43:22.58448,manual,false,restaurant,true,2,vi,,2,,,"Monday,Tuesday,Wednesday,Thursday,Friday,Saturday,Sunday",,0,seed,island,false,,,,[object Object],,,,,,
fb4ffb36-3420-4f69-9815-40e094ab8025,Terraform Restaurant & Bar,"14, Wole Olateju Crescent, Lekki Phase 1",77777777-7777-7777-7777-777777777777,"Chill,Dinner,Squad Linkup,Lounge,Party",25000,[object Object],true,2026-07-25T21:43:22.58448,manual,false,restaurant,true,2,lekki-phase-1,,2,,,"Monday,Tuesday,Wednesday,Thursday,Friday,Saturday,Sunday",,0,seed,island,false,,,,[object Object],,,,,,
8f88874c-42a2-4976-9b00-8c8e10b2ff05,The Afrobeat Lagos,"Ebonylifeplace, 1637, Adetokunbo Ademola, Victoria Island",88888888-8888-8888-8888-888888888888,"Chill,Dinner",25000,[object Object],true,2026-07-25T21:43:22.58448,manual,false,restaurant,true,2,vi,,2,,,"Monday,Tuesday,Wednesday,Thursday,Friday,Saturday,Sunday",,0,seed,island,false,,,,[object Object],,,,,,
936e5e8b-32a4-45bf-85aa-0f48dd11e099,The Beach by Pop Central,Lekki Phase 1,77777777-7777-7777-7777-777777777777,"Chill,Dinner,Date Night,Squad Linkup,Lounge,Party,Nature",45000,[object Object],true,2026-07-25T20:49:58.703263,manual_verification,true,restaurant,true,2,lekki-phase-1,,2,,,"Monday,Tuesday,Wednesday,Thursday,Friday,Saturday,Sunday",@thebeachbypopcentral,0,owner_verified,island,false,,,,[object Object],,,,,,
7f230986-fe4c-45e1-bb26-6952a45bbc92,The Bodega Emporium,"3b, General Ogomudia Road, Eti-Osa, Lekki",77777777-7777-7777-7777-777777777777,"Chill,Dinner",25000,[object Object],true,2026-07-25T21:43:22.58448,manual,false,restaurant,true,2,lekki-phase-1,,2,,,"Monday,Tuesday,Wednesday,Thursday,Friday,Saturday,Sunday",,0,seed,island,false,,,,[object Object],,,,,,
aac3783a-6327-4a41-8eed-7da25e5f4a58,The Charcoal Grill & Bar,Lekki Phase 1,77777777-7777-7777-7777-777777777777,"Chill,Dinner,Date Night,Fine Dining",40000,[object Object],true,2026-07-25T20:49:58.703263,manual_verification,true,restaurant,true,2,lekki-phase-1,,2,,,"Monday,Tuesday,Wednesday,Thursday,Friday,Saturday,Sunday",@charcoalgrilllagos,0,owner_verified,island,false,,,,[object Object],,,,,,
e7c57a01-c21e-4f2e-b5d0-36370dd42042,The Charcoal Grill Lekki,Lekki Phase 1,77777777-7777-7777-7777-777777777777,"Chill,Dinner,Date Night",40000,[object Object],true,2026-07-25T20:49:58.703263,manual_verification,true,restaurant,true,2,lekki-phase-1,,2,,,"Monday,Tuesday,Wednesday,Thursday,Friday,Saturday,Sunday",@charcoalgrilllagos,0,owner_verified,island,false,,,,[object Object],,,,,,
6d82d6b4-4e78-414b-95a0-cb5be7f02978,The Charcoal Ikoyi,Ikoyi,99999999-9999-9999-9999-999911111111,"Chill,Dinner,Date Night",40000,[object Object],true,2026-07-25T20:49:58.703263,manual_verification,true,restaurant,true,2,ikoyi,,2,,,"Monday,Tuesday,Wednesday,Thursday,Friday,Saturday,Sunday",@charcoalgrilllagos,0,owner_verified,island,false,,,,[object Object],,,,,,
2a7f6b49-c10f-4651-8698-b7dfc2465e42,The Garden Ikoyi,Ikoyi,99999999-9999-9999-9999-999911111111,"Chill,Dinner,Date Night,Squad Linkup,Lounge,Party",40000,[object Object],true,2026-07-25T20:49:58.703263,manual_verification,true,restaurant,true,2,ikoyi,,2,,,"Monday,Tuesday,Wednesday,Thursday,Friday,Saturday,Sunday",@thegardenikoyi,0,owner_verified,island,false,,,,[object Object],,,,,,
6843fedc-7f2c-4adf-8fd0-fe7565efeb0f,The Garden Lekki,Lekki Phase 1,77777777-7777-7777-7777-777777777777,"Chill,Dinner,Date Night,Squad Linkup,Lounge,Party",40000,[object Object],true,2026-07-25T20:49:58.703263,manual_verification,true,restaurant,true,2,lekki-phase-1,,2,,,"Monday,Tuesday,Wednesday,Thursday,Friday,Saturday,Sunday",@thegardenlekki,0,owner_verified,island,false,,,,[object Object],,,,,,
2dedd91c-de43-4766-b940-a3fde48532f8,The George Restaurant,"30 Lugard Avenue, Ikoyi;",99999999-9999-9999-9999-999911111111,"Chill,Dinner",25000,[object Object],true,2026-07-25T21:43:22.58448,manual,false,restaurant,true,2,ikoyi,,2,,,"Monday,Tuesday,Wednesday,Thursday,Friday,Saturday,Sunday",,0,seed,island,false,,,,[object Object],,,,,,
f55f6905-9ad9-4171-91df-0df82059cd09,The Green House,Lekki Phase 1,77777777-7777-7777-7777-777777777777,"Chill,Dinner,Date Night",40000,[object Object],true,2026-07-25T20:49:58.703263,manual_verification,true,restaurant,true,2,lekki-phase-1,,2,,,"Monday,Tuesday,Wednesday,Thursday,Friday,Saturday,Sunday",@thegreenhouselagos,0,owner_verified,island,false,,,,[object Object],,,,,,
da85bb6c-0816-4af1-a762-5833d91b0984,The Grill by Chateau,Lekki Phase 1,77777777-7777-7777-7777-777777777777,"Chill,Dinner,Date Night,Fine Dining",50000,[object Object],true,2026-07-25T20:49:58.703263,manual_verification,true,restaurant,true,2,lekki-phase-1,,2,,,"Monday,Tuesday,Wednesday,Thursday,Friday,Saturday,Sunday",@chateaulagos,0,owner_verified,island,false,,,,[object Object],,,,,,
4a0a2aa7-6bcc-461d-a72c-aff389314a44,The Grill Room at Wheatbaker,Ikoyi,99999999-9999-9999-9999-999911111111,"Chill,Dinner,Date Night,Fine Dining",60000,[object Object],true,2026-07-25T20:49:58.703263,manual_verification,true,restaurant,true,2,ikoyi,,2,,,"Monday,Tuesday,Wednesday,Thursday,Friday,Saturday,Sunday",@thewheatbakerlagos,0,owner_verified,island,false,,,,[object Object],,,,,,
795cc9ac-d0b9-4d03-aa10-391a3994ccf7,The House,"4, A.J. Marinho Drive, Victoria Island",88888888-8888-8888-8888-888888888888,"Chill,Dinner",25000,[object Object],true,2026-07-25T21:43:22.58448,manual,false,restaurant,true,2,vi,,2,,,"Monday,Tuesday,Wednesday,Thursday,Friday,Saturday,Sunday",,0,seed,island,false,,,,[object Object],,,,,,
f4b3a88a-2e23-41e0-92c4-6b2231ffba33,The Loft Ikoyi,Ikoyi,99999999-9999-9999-9999-999911111111,"Chill,Dinner,Date Night,Squad Linkup,Lounge,Party",45000,[object Object],true,2026-07-25T20:49:58.703263,manual_verification,true,restaurant,true,2,ikoyi,,2,,,"Monday,Tuesday,Wednesday,Thursday,Friday,Saturday,Sunday",@theloftikoyi,0,owner_verified,island,false,,,,[object Object],,,,,,
8564d3d2-308e-4729-9a96-517b8688c1c9,The Metophor,Lekki Phase 1,77777777-7777-7777-7777-777777777777,"Chill,Dinner,Date Night,Squad Linkup,Lounge,Party",40000,[object Object],true,2026-07-25T20:49:58.703263,manual_verification,true,restaurant,true,2,lekki-phase-1,,2,,,"Monday,Tuesday,Wednesday,Thursday,Friday,Saturday,Sunday",@themetophor,0,owner_verified,island,false,,,,[object Object],,,,,,
aa61bbcb-b1d1-498e-8fc9-c5d4b451ba60,The Nahous,"6-8, Ahmadu Bello Way, Victoria Island",88888888-8888-8888-8888-888888888888,"Chill,Dinner",25000,[object Object],true,2026-07-25T21:43:22.58448,manual,false,restaurant,true,2,vi,,2,,,"Monday,Tuesday,Wednesday,Thursday,Friday,Saturday,Sunday",,0,seed,island,false,,,,[object Object],,,,,,
a7b3ee38-db41-4b17-b25b-a222547d6fa5,The Observatory,Lekki Phase 1,77777777-7777-7777-7777-777777777777,"Chill,Dinner,Date Night,Squad Linkup,Lounge,Party",45000,[object Object],true,2026-07-25T20:49:58.703263,manual_verification,true,restaurant,true,2,lekki-phase-1,,2,,,"Monday,Tuesday,Wednesday,Thursday,Friday,Saturday,Sunday",@observatorylagos,0,owner_verified,island,false,,,,[object Object],,,,,,
9a0cfec8-e00d-4866-ba96-5c6189fc3f0b,The Orchid Bistro,"40B Raymond Njoku St, Ikoyi (Orchid Bistro Express)",99999999-9999-9999-9999-999911111111,"Chill,Dinner,Nature,Brunch",25000,[object Object],true,2026-07-25T21:43:22.58448,manual,false,restaurant,true,2,ikoyi,,2,,,"Monday,Tuesday,Wednesday,Thursday,Friday,Saturday,Sunday",,0,seed,island,false,,,,[object Object],,,,,,
02ce0019-d63c-4ba2-92c1-d1d55febb542,The Orchid Bistro Ikoyi,"40b, Raymond Njoku, Ikoyi",99999999-9999-9999-9999-999911111111,"Chill,Dinner,Nature,Brunch",25000,[object Object],true,2026-07-25T21:43:22.58448,manual,false,restaurant,true,2,ikoyi,,2,,,"Monday,Tuesday,Wednesday,Thursday,Friday,Saturday,Sunday",@Thur,0,seed,island,false,,,,[object Object],,,,,,
ffea9a0a-6254-447c-81fb-fd5f1dc6af00,The Smiths Lekki,Lekki Phase 1,77777777-7777-7777-7777-777777777777,"Chill,Dinner,Date Night",45000,[object Object],true,2026-07-25T20:49:58.703263,manual_verification,true,restaurant,true,2,lekki-phase-1,,2,,,"Monday,Tuesday,Wednesday,Thursday,Friday,Saturday,Sunday",@thesmithslagos,0,owner_verified,island,false,,,,[object Object],,,,,,
d115d8d8-d9e2-4c8a-9fb4-43673a21cb57,The Tea Room Lagos,Lekki Phase 1,77777777-7777-7777-7777-777777777777,"Chill,Dinner,Date Night,Brunch",40000,[object Object],true,2026-07-25T20:49:58.703263,manual_verification,true,restaurant,true,2,lekki-phase-1,,2,,,"Monday,Tuesday,Wednesday,Thursday,Friday,Saturday,Sunday",@thetearoomlagos,0,owner_verified,island,false,,,,[object Object],,,,,,
729050e5-5078-49bd-a49c-4a3a305be27d,The Vista Restaurant,Ikoyi,99999999-9999-9999-9999-999911111111,"Chill,Dinner,Date Night",50000,[object Object],true,2026-07-25T20:49:58.703263,manual_verification,true,restaurant,true,2,ikoyi,,2,,,"Monday,Tuesday,Wednesday,Thursday,Friday,Saturday,Sunday",@thevistaikoyi,0,owner_verified,island,false,,,,[object Object],,,,,,
f3eb8298-df2f-470f-ab96-9f7f3792f321,The Wave Beach Club,Lekki Phase 1,77777777-7777-7777-7777-777777777777,"Chill,Dinner,Date Night,Squad Linkup,Lounge,Party",45000,[object Object],true,2026-07-25T20:49:58.703263,manual_verification,true,restaurant,true,2,lekki-phase-1,,2,,,"Monday,Tuesday,Wednesday,Thursday,Friday,Saturday,Sunday",@thewavebeachclub,0,owner_verified,island,false,,,,[object Object],,,,,,
8ef5233a-9cec-4e32-b171-155e2f16b2ad,The Wheatbaker Grill Room,"4 Onitolo Road, Ikoyi;",99999999-9999-9999-9999-999911111111,"Chill,Dinner,Fine Dining",25000,[object Object],true,2026-07-25T21:43:22.58448,manual,false,restaurant,true,2,ikoyi,,2,,,"Monday,Tuesday,Wednesday,Thursday,Friday,Saturday,Sunday",,0,seed,island,false,,,,[object Object],,,,,,
c7088953-0428-424d-abbd-e49de570acfd,The Winehouse Lounge,"19A Mekunwen Road / Off Oyinkan Abayomi Drive, Ikoyi",99999999-9999-9999-9999-999911111111,"Chill,Dinner,Squad Linkup,Lounge,Party",25000,[object Object],true,2026-07-25T21:43:22.58448,manual,false,restaurant,true,2,ikoyi,,2,,,"Monday,Tuesday,Wednesday,Thursday,Friday,Saturday,Sunday",,0,seed,island,false,,,,[object Object],,,,,,
a4900269-2d7a-4f68-9b11-d5fb2e74d71b,TheLandmarkUpsideDownHouse,"3 & 4, Water Corporation Drive, Victoria Island",88888888-8888-8888-8888-888888888888,"Chill,Dinner",25000,[object Object],true,2026-07-25T21:43:22.58448,manual,false,restaurant,true,2,vi,,2,,,"Monday,Tuesday,Wednesday,Thursday,Friday,Saturday,Sunday",,0,seed,island,false,,,,[object Object],,,,,,
e4e18bb4-9c05-4305-8309-cdfd79405845,TheSmiths,"16, Akin Adesola Street, Victoria Island",88888888-8888-8888-8888-888888888888,"Chill,Dinner",25000,[object Object],true,2026-07-25T21:43:22.58448,manual,false,restaurant,true,2,vi,,2,,,"Monday,Tuesday,Wednesday,Thursday,Friday,Saturday,Sunday",,0,seed,island,false,,,,[object Object],,,,,,
5a3a51c9-e476-47c9-8156-cf049dc05740,Thompson 23,Ikoyi,99999999-9999-9999-9999-999911111111,"Chill,Dinner",30000,[object Object],true,2026-07-25T20:49:58.703263,manual_verification,true,restaurant,true,2,ikoyi,,2,,,"Monday,Tuesday,Wednesday,Thursday,Friday,Saturday,Sunday",@thompson23.ng,0,owner_verified,island,false,,,,[object Object],,,,,,
abc40525-5599-4494-b7a0-3b444c585f59,Tiffany Amber Cafe,"15 Gerrad Road Ikoyi,Lagos",99999999-9999-9999-9999-999911111111,Unknown,37500,[object Object],false,2026-07-05T00:43:31.287,crowd,false,cafe,true,2,ikoyi,,2,,,"Monday,Tuesday,Wednesday,Thursday,Friday,Saturday,Sunday",,0,seed,island,false,,,,[object Object],,,,,,
b8e5f5d9-1ac4-400e-aaaa-026e9aa6f164,Tiffany Amber Cafe,Ikoyi,99999999-9999-9999-9999-999911111111,"Chill,Dinner,Nature,Brunch",35000,[object Object],true,2026-07-25T20:49:58.703263,manual_verification,true,restaurant,true,2,ikoyi,,2,,,"Monday,Tuesday,Wednesday,Thursday,Friday,Saturday,Sunday",@tiffanyambercafe,0,owner_verified,island,false,,,,[object Object],,,,,,
67777741-8d29-4a14-8633-e2c7efcfddf3,Turaka Lagos,"Ebonylifeplace, 1637, Adetokunbo Ademola, Victoria Island",88888888-8888-8888-8888-888888888888,"Chill,Dinner",25000,[object Object],true,2026-07-25T21:43:22.58448,manual,false,restaurant,true,2,vi,,2,,,"Monday,Tuesday,Wednesday,Thursday,Friday,Saturday,Sunday",,0,seed,island,false,,,,[object Object],,,,,,
c442eb41-d160-4278-9385-817017aea956,Turaka Lagos,Victoria Island,88888888-8888-8888-8888-888888888888,"Chill,Dinner,Date Night",40000,[object Object],true,2026-07-25T20:49:58.703263,manual_verification,true,restaurant,true,2,vi,,2,,,"Monday,Tuesday,Wednesday,Thursday,Friday,Saturday,Sunday",@turakalagos,0,owner_verified,island,false,,,,[object Object],,,,,,
b7c11f3f-7f4e-479e-a172-6ec14e99e7f0,Turf Lounge,Lekki Phase 1,77777777-7777-7777-7777-777777777777,"Chill,Dinner,Date Night,Squad Linkup,Lounge,Party",40000,[object Object],true,2026-07-25T20:49:58.703263,manual_verification,true,restaurant,true,2,lekki-phase-1,,2,,,"Monday,Tuesday,Wednesday,Thursday,Friday,Saturday,Sunday",@turfloungelagos,0,owner_verified,island,false,,,,[object Object],,,,,,
a9ced1bc-5732-44a0-b436-92b67d0880f7,Upbeat Centre,Lekki Phase 1,77777777-7777-7777-7777-777777777777,"Party,Chill",10000,[object Object],true,2025-01-01T00:00:00,manual,false,activity,false,2,lekki-phase-1,activity-centre,3,families,afternoon,"Monday,Tuesday,Wednesday,Thursday,Friday,Saturday,Sunday",,0,seed,island,false,,,,[object Object],,,,,,
508caa05-727d-4148-93e3-367d79b03ba3,Veggie Victory,"Dolphin Estate, Ikoyi",99999999-9999-9999-9999-999911111111,"Chill,Dinner",25000,[object Object],true,2026-07-25T21:43:22.58448,manual,false,restaurant,true,2,ikoyi,,2,,,"Monday,Tuesday,Wednesday,Thursday,Friday,Saturday,Sunday",,0,seed,island,false,,,,[object Object],,,,,,
c351a813-8e34-4b19-a1ee-9a54c25bf34f,Velvett Grill & Lounge,Victoria Island,88888888-8888-8888-8888-888888888888,"Chill,Dinner,Squad Linkup,Lounge,Party",25000,[object Object],true,2026-07-25T21:43:22.58448,manual,false,restaurant,true,2,vi,,2,,,"Monday,Tuesday,Wednesday,Thursday,Friday,Saturday,Sunday",,0,seed,island,false,,,,[object Object],,,,,,
a14e0adf-8453-4383-b2f1-ed7c14e842d7,Vertigo Lagos,Victoria Island,88888888-8888-8888-8888-888888888888,"Chill,Dinner,Date Night,Squad Linkup,Lounge,Party,Fine Dining",55000,[object Object],true,2026-07-25T20:49:58.703263,manual_verification,true,restaurant,true,2,vi,,2,,,"Monday,Tuesday,Wednesday,Thursday,Friday,Saturday,Sunday",@vertigolagos,0,owner_verified,island,false,,,,[object Object],,,,,,
2be61464-bd60-4f10-985d-54d7908b6421,Vestar Coffee,Victoria Island,88888888-8888-8888-8888-888888888888,"Chill,Quick",6500,[object Object],true,2025-01-01T00:00:00,manual,false,cafe,true,1,vi,cafe,2,young-professionals,morning,"Monday,Tuesday,Wednesday,Thursday,Friday,Saturday,Sunday",,0,seed,island,false,,,,[object Object],,,,,,
20b60a14-0a5f-4cc6-98e1-d48f7e85d895,Vici Lagos,"106a, Anifowose Street, Victoria Island",88888888-8888-8888-8888-888888888888,"Chill,Dinner",25000,[object Object],true,2026-07-25T21:43:22.58448,manual,false,restaurant,true,2,vi,,2,,,"Monday,Tuesday,Wednesday,Thursday,Friday,Saturday,Sunday",,0,seed,island,false,,,,[object Object],,,,,,
2f513a34-45f1-46f7-b965-977be2641838,W Bar Lounge,Ikoyi,99999999-9999-9999-9999-999911111111,"Chill,Dinner,Date Night,Nature",55000,[object Object],true,2026-07-25T20:49:58.703263,manual_verification,true,restaurant,true,2,ikoyi,,2,,,"Monday,Tuesday,Wednesday,Thursday,Friday,Saturday,Sunday",@wbarlounge,0,owner_verified,island,false,,,,[object Object],,,,,,
778ddbcc-df85-463b-b928-11e737784306,Wakame Lekki,Lekki Phase 1,77777777-7777-7777-7777-777777777777,"Chill,Dinner,Date Night",45000,[object Object],true,2026-07-25T20:49:58.703263,manual_verification,true,restaurant,true,2,lekki-phase-1,,2,,,"Monday,Tuesday,Wednesday,Thursday,Friday,Saturday,Sunday",@wakamelagos,0,owner_verified,island,false,,,,[object Object],,,,,,
bab85d65-519a-4fa7-9b5b-5a1528c8d77c,Wok & Roll Lekki,Lekki Phase 1,77777777-7777-7777-7777-777777777777,"Chill,Dinner,Date Night",40000,[object Object],true,2026-07-25T20:49:58.703263,manual_verification,true,restaurant,true,2,lekki-phase-1,,2,,,"Monday,Tuesday,Wednesday,Thursday,Friday,Saturday,Sunday",@wokandrolllagos,0,owner_verified,island,false,,,,[object Object],,,,,,
e8420bba-7698-47d5-8107-9b5e05889b24,XO Bakery,"266 (Plot C), Kofo Abayomi Street, Victoria Island",88888888-8888-8888-8888-888888888888,"Chill,Dinner,Brunch",25000,[object Object],true,2026-07-25T21:43:22.58448,manual,false,restaurant,true,2,vi,,2,,,"Monday,Tuesday,Wednesday,Thursday,Friday,Saturday,Sunday",,0,seed,island,false,,,,[object Object],,,,,,
9c055159-68f7-4c75-b1a1-917f1b1016da,Yellow Chilli Victoria Island,"27 Oju Olobun Close, Victoria Island",88888888-8888-8888-8888-888888888888,"Chill,Dinner",25000,[object Object],true,2026-07-25T21:43:22.58448,manual,false,restaurant,true,2,vi,,2,,,"Monday,Tuesday,Wednesday,Thursday,Friday,Saturday,Sunday",,0,seed,island,false,,,,[object Object],,,,,,
27b9eb82-7879-4eab-bbef-b0af2c41294c,Z Kitchen,"19 Saka Tinubu Street, Victoria Island",88888888-8888-8888-8888-888888888888,"Chill,Dinner",25000,[object Object],true,2026-07-25T21:43:22.58448,manual,false,restaurant,true,2,vi,,2,,,"Monday,Tuesday,Wednesday,Thursday,Friday,Saturday,Sunday",,0,seed,island,false,,,,[object Object],,,,,,
80bf529b-f291-4bfd-9530-05fd93121977,Zaza Lagos,Victoria Island,88888888-8888-8888-8888-888888888888,"Chill,Dinner,Date Night,Squad Linkup,Lounge,Party",60000,[object Object],true,2026-07-25T20:49:58.703263,manual_verification,true,restaurant,true,2,vi,,2,,,"Monday,Tuesday,Wednesday,Thursday,Friday,Saturday,Sunday",@zazalagos,0,owner_verified,island,false,,,,[object Object],,,,,,
73ab04db-70fa-473d-8f7b-3fad9677c6b6,Zen Garden,Ikoyi,99999999-9999-9999-9999-999911111111,"Chill,Dinner,Date Night,Fine Dining",45000,[object Object],true,2026-07-25T20:49:58.703263,manual_verification,true,restaurant,true,2,ikoyi,,2,,,"Monday,Tuesday,Wednesday,Thursday,Friday,Saturday,Sunday",@zengardenlagos,0,owner_verified,island,false,,,,[object Object],,,,,,
f933e918-0549-425f-bfa8-c91703383e4d,Zkitchen Lagos,"19, Saka Tinubu Street, Victoria Island",88888888-8888-8888-8888-888888888888,"Chill,Dinner",25000,[object Object],true,2026-07-25T21:43:22.58448,manual,false,restaurant,true,2,vi,,2,,,"Monday,Tuesday,Wednesday,Thursday,Friday,Saturday,Sunday",,0,seed,island,false,,,,[object Object],,,,,,
348f8c52-ac9e-40e9-931c-cedbcc61c36a,Zura Lagos,"33, Grace Anjous Drive, Lekki Phase 1",77777777-7777-7777-7777-777777777777,"Chill,Dinner,Date Night,Squad Linkup,Lounge,Party",30000,[object Object],true,2026-07-25T21:43:22.58448,manual,false,restaurant,true,2,lekki-phase-1,,2,,,"Monday,Tuesday,Wednesday,Thursday,Friday,Saturday,Sunday",,0,seed,island,false,,,,[object Object],,,,,,
30c1e6cb-c714-403a-88ce-cf5dc8d3f6c3,12'' Baguette,"40b, Rotimi Omonusi Close, Oba Dosunmu Ikeja GRA, Ikeja",11111111-1111-1111-1111-111111111111,"Chill,Dinner,Games",20000,[object Object],true,2026-07-25T21:43:22.58448,manual,false,restaurant,true,2,ikeja,,2,,,"Monday,Tuesday,Wednesday,Thursday,Friday,Saturday,Sunday",@12inchbaguette.ng,0,seed,mainland,false,,,,[object Object],,,,https://images.squarespace-cdn.com/content/v1/54222358e4b0ef23d87a996b/e9dff5f4-013c-4b95-a4af-3b7fefc73ad7/20240130_164552.jpg,,
eb36ea03-7836-41e5-879e-9d9ffaf98ccd,Adeniran Ogunsanya Cafe Cluster,"Along Adeniran Ogunsanya Street, Surulere",44444444-4444-4444-4444-444444444444,"Chill,Dinner",25000,[object Object],true,2026-07-25T21:43:22.58448,manual,false,restaurant,true,2,surulere,,2,,,"Monday,Tuesday,Wednesday,Thursday,Friday,Saturday,Sunday",,0,seed,mainland,false,,,,[object Object],,,,,,
cb938370-4b1e-40c9-b4ea-251dd50abb4b,Agege Stadium,Agege,66666666-6666-6666-6666-666666666666,"Party,Chill",2000,[object Object],true,2025-01-01T00:00:00,manual,false,activity,false,3,agege,activity-centre,1,mixed,afternoon,"Monday,Tuesday,Wednesday,Thursday,Friday,Saturday,Sunday",,0,seed,mainland,false,,,,[object Object],,,,,,
a482e985-0d8b-4fc3-a532-ef637244a9dc,Agege Suya Spot,Agege,66666666-6666-6666-6666-666666666666,"Foodie,Night",3000,[object Object],true,2025-01-01T00:00:00,manual,false,restaurant,true,1,agege,street-food,1,mixed,night,"Monday,Tuesday,Wednesday,Thursday,Friday,Saturday,Sunday",,0,seed,mainland,false,,,,[object Object],,,,,,
8c9b173f-aaa6-454a-bb7f-d0340600a323,Allen Avenue Lounge Cluster,"Allen Avenue, Ikeja;  venues",11111111-1111-1111-1111-111111111111,"Chill,Dinner,Squad Linkup,Lounge,Party",20000,[object Object],true,2026-07-25T21:43:22.58448,manual,false,restaurant,true,2,ikeja,,2,,,"Monday,Tuesday,Wednesday,Thursday,Friday,Saturday,Sunday",,0,seed,mainland,false,,,,[object Object],,,,,,
1a4c10fd-7992-451d-8d36-3fed8c94f3ef,Arami Café Restaurant & Bar,Surulere (limited public address),44444444-4444-4444-4444-444444444444,"Chill,Dinner,Squad Linkup,Lounge,Party",25000,[object Object],true,2026-07-25T21:43:22.58448,manual,false,restaurant,true,2,surulere,,2,,,"Monday,Tuesday,Wednesday,Thursday,Friday,Saturday,Sunday",,0,seed,mainland,false,,,,[object Object],,,,,,
23dac677-e308-4498-8cef-49e51d119d69,Bamboo Lounge & Garden,Ikeja,11111111-1111-1111-1111-111111111111,"Chill,Dinner,Squad Linkup,Lounge,Party",25000,[object Object],true,2026-07-25T21:15:32.986241,manual_verification,false,restaurant,true,2,ikeja,,2,,,"Monday,Tuesday,Wednesday,Thursday,Friday,Saturday,Sunday",@bambooloungeikeja,0,owner_verified,mainland,false,,,,[object Object],,,,,,
096d58a7-bb3c-4a28-acf6-d15583f35401,Banyan Tree Ikeja,Ikeja,11111111-1111-1111-1111-111111111111,"Chill,Dinner,Date Night,Squad Linkup,Lounge,Party",35000,[object Object],true,2026-07-25T21:15:32.986241,manual_verification,false,restaurant,true,2,ikeja,,2,,,"Monday,Tuesday,Wednesday,Thursday,Friday,Saturday,Sunday",@banyantreelagos,0,owner_verified,mainland,false,,,,[object Object],,,,,,
58469ad7-b894-45ef-8e67-8fc4c7233ee0,Barbeque Spot Surulere,Surulere,44444444-4444-4444-4444-444444444444,"Chill,Dinner,Squad Linkup,Lounge,Party",25000,[object Object],true,2026-07-25T21:43:22.58448,manual,false,restaurant,true,2,surulere,,2,,,"Monday,Tuesday,Wednesday,Thursday,Friday,Saturday,Sunday",,0,seed,mainland,false,,,,[object Object],,,,,,
8b1d5039-549d-48be-8fe9-555c65eeed61,Blackwood Grills & Bar,Ikeja,11111111-1111-1111-1111-111111111111,"Chill,Dinner,Date Night,Squad Linkup,Lounge,Party",35000,[object Object],true,2026-07-25T21:15:32.986241,manual_verification,false,restaurant,true,2,ikeja,,2,,,"Monday,Tuesday,Wednesday,Thursday,Friday,Saturday,Sunday",@blackwoodgrills,0,owner_verified,mainland,false,,,,[object Object],,,,,,
03e8ec53-ef47-4962-b586-eed1bdd84dd5,Blue Room by Reality,Surulere (limited public address),44444444-4444-4444-4444-444444444444,"Chill,Dinner,Squad Linkup,Lounge,Party",25000,[object Object],true,2026-07-25T21:43:22.58448,manual,false,restaurant,true,2,surulere,,2,,,"Monday,Tuesday,Wednesday,Thursday,Friday,Saturday,Sunday",,0,seed,mainland,false,,,,[object Object],,,,,,
ba331c56-27db-46cc-9eb8-eecf9878e55d,Bob diner,"Opic plaza, mobolaji bank, Anthony way, Ikeja",11111111-1111-1111-1111-111111111111,Unknown,20000,[object Object],false,2026-07-05T00:43:28.298,crowd,false,restaurant,true,2,ikeja,,2,,,"Monday,Tuesday,Wednesday,Thursday,Friday,Saturday,Sunday",,0,seed,mainland,false,,,,[object Object],,,,,,
db525de1-57d9-4256-99f9-03b807e99424,Bode Thomas Suya Spots,"Along Bode Thomas, Surulere",44444444-4444-4444-4444-444444444444,"Chill,Dinner",25000,[object Object],true,2026-07-25T21:43:22.58448,manual,false,restaurant,true,2,surulere,,2,,,"Monday,Tuesday,Wednesday,Thursday,Friday,Saturday,Sunday",,0,seed,mainland,false,,,,[object Object],,,,,,
79cff45b-1793-484a-9d7c-d9887ed2aebe,Bowling Alley Play Zone,Ikeja,11111111-1111-1111-1111-111111111111,"Chill,Dinner,Squad Linkup,Lounge,Party",25000,[object Object],true,2026-07-25T21:15:32.986241,manual_verification,false,restaurant,true,2,ikeja,,2,,,"Monday,Tuesday,Wednesday,Thursday,Friday,Saturday,Sunday",@ikejabowling,0,owner_verified,mainland,false,,,,[object Object],,,,,,
7ca21691-9007-47ad-833a-e9dd4b52f6dc,Browns Cafe and Restaurant,Ikeja GRA;  exact address,11111111-1111-1111-1111-111111111111,"Chill,Dinner,Brunch",25000,[object Object],true,2026-07-25T21:43:22.58448,manual,false,restaurant,true,2,ikeja,,2,,,"Monday,Tuesday,Wednesday,Thursday,Friday,Saturday,Sunday",,0,seed,mainland,false,,,,[object Object],,,,,,
ce17a26b-4e8e-4e6a-8e0f-40b1ab6d7e96,Buka Gbagada,Gbagada Phase 1,22222222-2222-2222-2222-222222222222,"Foodie,Quick",3000,[object Object],true,2025-01-01T00:00:00,manual,false,restaurant,true,1,gbagada,local-buka,1,mixed,afternoon,"Monday,Tuesday,Wednesday,Thursday,Friday,Saturday,Sunday",,0,seed,mainland,false,,,,[object Object],,,,,,
c69c6cc2-b979-4c73-aaa3-2cb26caa059f,Bukka Hut Ikeja,Ikeja;  exact branch,11111111-1111-1111-1111-111111111111,"Chill,Dinner",10000,[object Object],true,2026-07-25T21:43:22.58448,manual,false,restaurant,true,2,ikeja,,2,,,"Monday,Tuesday,Wednesday,Thursday,Friday,Saturday,Sunday",,0,seed,mainland,false,,,,[object Object],,,,,,
c162bb63-d993-4197-83d8-40e103bfba22,Bukkateria Surulere,Surulere (limited public address),44444444-4444-4444-4444-444444444444,"Chill,Dinner",25000,[object Object],true,2026-07-25T21:43:22.58448,manual,false,restaurant,true,2,surulere,,2,,,"Monday,Tuesday,Wednesday,Thursday,Friday,Saturday,Sunday",,0,seed,mainland,false,,,,[object Object],,,,,,
15a6d154-0e12-4fdc-b8f5-e3d9937f9a5c,Bungalow Hall & Bar,Ikeja,11111111-1111-1111-1111-111111111111,"Chill,Dinner,Date Night",30000,[object Object],true,2026-07-25T21:15:32.986241,manual_verification,false,restaurant,true,2,ikeja,,2,,,"Monday,Tuesday,Wednesday,Thursday,Friday,Saturday,Sunday",@bungalowlagos,0,owner_verified,mainland,false,,,,[object Object],,,,,,
cd84fa4b-b63b-492f-bb69-ccd3e8fecb4e,Bungalow Restaurant Ikeja,Ikeja GRA;  exact address,11111111-1111-1111-1111-111111111111,"Chill,Dinner,Date Night",30000,[object Object],true,2026-07-25T21:43:22.58448,manual,false,restaurant,true,2,ikeja,,2,,,"Monday,Tuesday,Wednesday,Thursday,Friday,Saturday,Sunday",,0,seed,mainland,false,,,,[object Object],,,,,,
b473773c-adcb-408b-ad5c-4377eef52578,Cafe One Ikeja,Ikeja,11111111-1111-1111-1111-111111111111,"Chill,Dinner,Squad Linkup,Lounge,Party,Brunch",20000,[object Object],true,2026-07-25T21:15:32.986241,manual_verification,false,cafe,true,2,ikeja,,2,,,"Monday,Tuesday,Wednesday,Thursday,Friday,Saturday,Sunday",@cafeone_ng,0,owner_verified,mainland,false,,,,[object Object],,,,,workspace,pastries
819d482d-b87e-4e39-96c3-81289dbd3653,Cafe Trigg,Ikeja,11111111-1111-1111-1111-111111111111,"Chill,Dinner,Brunch",20000,[object Object],true,2026-07-25T21:15:32.986241,manual_verification,false,restaurant,true,2,ikeja,,2,,,"Monday,Tuesday,Wednesday,Thursday,Friday,Saturday,Sunday",@cafetrigg,0,owner_verified,mainland,false,,,,[object Object],,,,,,
8fb53f3b-61df-416d-9b3a-d3bbbad7b7a1,Chicken Republic Surulere,Surulere (multiple possible; Bode Thomas / area common),44444444-4444-4444-4444-444444444444,"Chill,Dinner",25000,[object Object],true,2026-07-25T21:43:22.58448,manual,false,restaurant,true,2,surulere,,2,,,"Monday,Tuesday,Wednesday,Thursday,Friday,Saturday,Sunday",,0,seed,mainland,false,,,,[object Object],,,,,,
3aa2f0dd-b077-4695-b963-184aa6c8e9ba,Choco's Bistro,"53B, Oduduwa way, Ikeja gra",11111111-1111-1111-1111-111111111111,Unknown,20000,[object Object],false,2026-07-05T00:43:27.424,crowd,false,restaurant,true,2,ikeja,,2,,,"Monday,Tuesday,Wednesday,Thursday,Friday,Saturday,Sunday",,0,seed,mainland,false,,,,[object Object],,,,,,
8655ac1e-ed25-4aa3-b35c-c8de9e00c6c3,Cilantro Lagos,"26, Isaac John Street, Ikeja GRA, Ikeja",11111111-1111-1111-1111-111111111111,"Chill,Dinner",25000,[object Object],true,2026-07-25T21:43:22.58448,manual,false,restaurant,true,2,ikeja,,2,,,"Monday,Tuesday,Wednesday,Thursday,Friday,Saturday,Sunday",@cilantrolagos,0,seed,mainland,false,,,,[object Object],,,,,,
cd66558b-eceb-43bd-93cf-e6b4fb15904d,Club Rumors Surulere,Surulere,44444444-4444-4444-4444-444444444444,"Chill,Dinner",25000,[object Object],true,2026-07-25T21:43:22.58448,manual,false,restaurant,true,2,surulere,,2,,,"Monday,Tuesday,Wednesday,Thursday,Friday,Saturday,Sunday",,0,seed,mainland,false,,,,[object Object],,,,,,
d2849207-4f37-471b-81ef-cc73b966e915,Coded Lounge Surulere,Surulere,44444444-4444-4444-4444-444444444444,"Chill,Dinner,Squad Linkup,Lounge,Party",25000,[object Object],true,2026-07-25T21:43:22.58448,manual,false,restaurant,true,2,surulere,,2,,,"Monday,Tuesday,Wednesday,Thursday,Friday,Saturday,Sunday",,0,seed,mainland,false,,,,[object Object],,,,,,
32c5bb2b-756d-40ac-a469-9b7e8183f723,Cold Stone Creamery Surulere,Surulere (specific branch),44444444-4444-4444-4444-444444444444,"Chill,Dinner",25000,[object Object],true,2026-07-25T21:43:22.58448,manual,false,restaurant,true,2,surulere,,2,,,"Monday,Tuesday,Wednesday,Thursday,Friday,Saturday,Sunday",,0,seed,mainland,false,,,,[object Object],,,,,,
a413d459-9057-4f78-83df-4e1d748ea51f,CUT Steakhouse,"Radisson Blu Hotel, 38/40, Isaac John Street, Ikeja GRA, Ikeja",11111111-1111-1111-1111-111111111111,"Chill,Dinner,Date Night",35000,[object Object],true,2026-07-25T21:43:22.58448,manual,false,restaurant,true,2,ikeja,,2,,,"Monday,Tuesday,Wednesday,Thursday,Friday,Saturday,Sunday",@cutsteakhouseikeja,0,seed,mainland,false,,,,[object Object],,,,,,
43633b5f-9256-4841-afd2-3bceb3476fee,De VIP Lounge & Bar,Ikeja,11111111-1111-1111-1111-111111111111,"Chill,Dinner,Date Night,Squad Linkup,Lounge,Party",30000,[object Object],true,2026-07-25T21:15:32.986241,manual_verification,false,restaurant,true,2,ikeja,,2,,,"Monday,Tuesday,Wednesday,Thursday,Friday,Saturday,Sunday",@deviploungeikeja,0,owner_verified,mainland,false,,,,[object Object],,,,,,
dc62bec4-5995-471e-94cc-f4bf392ad267,Debonairs Pizza Surulere,Surulere,44444444-4444-4444-4444-444444444444,"Chill,Dinner",25000,[object Object],true,2026-07-25T21:43:22.58448,manual,false,restaurant,true,2,surulere,,2,,,"Monday,Tuesday,Wednesday,Thursday,Friday,Saturday,Sunday",,0,seed,mainland,false,,,,[object Object],,,,,,
7de43270-d0f6-443b-b442-535de51e116d,Dejavu Rooftop,Gbagada Phase 1,22222222-2222-2222-2222-222222222222,"Party,Dinner",12000,[object Object],true,2025-01-01T00:00:00,instagram,false,bar,true,3,gbagada,rooftop,3,young-professionals,night,"Monday,Tuesday,Wednesday,Thursday,Friday,Saturday,Sunday",,7,seed,mainland,false,,,,[object Object],,,,,,
581d3b71-7eff-4e37-8a59-0a4efa66f56d,Domino's Pizza Surulere,Surulere (specific branch; check Domino's locator),44444444-4444-4444-4444-444444444444,"Chill,Dinner",25000,[object Object],true,2026-07-25T21:43:22.58448,manual,false,restaurant,true,2,surulere,,2,,,"Monday,Tuesday,Wednesday,Thursday,Friday,Saturday,Sunday",,0,seed,mainland,false,,,,[object Object],,,,,,
fdc773a2-7c6e-4fc9-91c1-44b436fe37c4,EbonyLife Cinema & Lounge Ikeja,Ikeja,11111111-1111-1111-1111-111111111111,"Chill,Dinner",25000,[object Object],true,2026-07-25T21:15:32.986241,manual_verification,false,restaurant,true,2,ikeja,,2,,,"Monday,Tuesday,Wednesday,Thursday,Friday,Saturday,Sunday",@ebonylifeplace,0,owner_verified,mainland,false,,,,[object Object],,,,,,
30d3207a-db4a-4ec8-9379-7d852ae90258,Eko Club,Surulere / Lagos (Eko Club references),44444444-4444-4444-4444-444444444444,"Chill,Dinner",25000,[object Object],true,2026-07-25T21:43:22.58448,manual,false,restaurant,true,2,surulere,,2,,,"Monday,Tuesday,Wednesday,Thursday,Friday,Saturday,Sunday",,0,seed,mainland,false,,,,[object Object],,,,,,
84897863-be43-4912-ad2b-6aeae0ad5a57,Farm City Lagos,"36, Ogudu Road, Ogudu",55555555-5555-5555-5555-555555555555,"Chill,Dinner,Squad Linkup,Lounge,Party",20000,[object Object],true,2026-07-25T21:43:22.58448,manual,false,restaurant,true,2,ogudu,,2,,,"Monday,Tuesday,Wednesday,Thursday,Friday,Saturday,Sunday",@farmcity_lagos,0,seed,mainland,false,,,,[object Object],,,,,,
dc426679-4834-491a-a690-9a93b69ecea9,Filmhouse Surulere,"Filmhouse Cinemas, Surulere (Adeniran Ogunsanya / area)",44444444-4444-4444-4444-444444444444,"Chill,Dinner",25000,[object Object],true,2026-07-25T21:43:22.58448,manual,false,restaurant,true,2,surulere,,2,,,"Monday,Tuesday,Wednesday,Thursday,Friday,Saturday,Sunday",,0,seed,mainland,false,,,,[object Object],,,,,,
17e1db6d-eb7d-46f1-a76e-34fe75eb81eb,Gbagada Park,Gbagada Phase 2,22222222-2222-2222-2222-222222222222,"Chill,Nature",1500,[object Object],true,2025-01-01T00:00:00,manual,false,nature,false,2,gbagada,park,1,families,afternoon,"Monday,Tuesday,Wednesday,Thursday,Friday,Saturday,Sunday",,0,seed,mainland,false,,,,[object Object],,,,,,
2f6a0839-461b-4c55-b613-c86262029d4a,Genesis Cinemas Ikeja,Ikeja City Mall,11111111-1111-1111-1111-111111111111,"Chill,Quick",6000,[object Object],true,2025-01-01T00:00:00,manual,false,entertainment,false,3,ikeja,cinema,2,mixed,evening,"Monday,Tuesday,Wednesday,Thursday,Friday,Saturday,Sunday",,0,seed,mainland,false,,,,[object Object],,,,,,
b9bc20d2-bf4e-4342-87dc-61ab607b35cf,Glasshouse Ikeja,Ikeja,11111111-1111-1111-1111-111111111111,"Chill,Dinner,Date Night,Brunch",35000,[object Object],true,2026-07-25T21:15:32.986241,manual_verification,false,restaurant,true,2,ikeja,,2,,,"Monday,Tuesday,Wednesday,Thursday,Friday,Saturday,Sunday",@glasshouseikeja,0,owner_verified,mainland,false,,,,[object Object],,,,,,
ae8d822a-cb21-44ba-94e4-a7547929a8b3,Green House Bistro Ikeja,Ikeja,11111111-1111-1111-1111-111111111111,"Chill,Dinner,Brunch",25000,[object Object],true,2026-07-25T21:15:32.986241,manual_verification,false,restaurant,true,2,ikeja,,2,,,"Monday,Tuesday,Wednesday,Thursday,Friday,Saturday,Sunday",@greenhousebistroikeja,0,owner_verified,mainland,false,,,,[object Object],,,,,,
be270611-4a2f-4e6a-9c22-89fdbf18adeb,Hot crust cafe,"Alpha Mall Ogudu Rd,Lagos",55555555-5555-5555-5555-555555555555,Unknown,15000,[object Object],false,2026-07-05T00:43:30.773,crowd,false,cafe,true,2,ogudu,,2,,,"Monday,Tuesday,Wednesday,Thursday,Friday,Saturday,Sunday",,0,seed,mainland,false,,,,[object Object],,,,,,
fc29ef55-71d4-4958-8293-e4dcd7edba39,Hua Han Korean Restaurant,"45c, Sobo Arobiodu Street, Ikeja GRA, Ikeja",11111111-1111-1111-1111-111111111111,"Chill,Dinner,Date Night",70000,[object Object],true,2026-07-25T21:43:22.58448,manual,false,restaurant,true,2,ikeja,,2,,,"Monday,Tuesday,Wednesday,Thursday,Friday,Saturday,Sunday",@huahan_lagos,0,seed,mainland,false,,,,[object Object],,,,,,
48829757-355a-4706-af5a-c0c7958471e2,Ikoko Lagos,"23b, Isaac John, Ikeja Gra",11111111-1111-1111-1111-111111111111,Unknown,40000,[object Object],false,2026-07-05T00:43:29.981,crowd,false,restaurant,true,2,ikeja,,2,,,"Monday,Tuesday,Wednesday,Thursday,Friday,Saturday,Sunday",,0,seed,mainland,false,,,,[object Object],,,,,,
6b0b23ec-c43d-4ee2-ad8c-41007a8238ab,Ikoko Lagos,"23b, Isaac John Street, Ikeja GRA, Ikeja",11111111-1111-1111-1111-111111111111,"Chill,Dinner,Date Night,Squad Linkup,Lounge,Party",35000,[object Object],true,2026-07-25T21:43:22.58448,manual,false,restaurant,true,2,ikeja,,2,,,"Monday,Tuesday,Wednesday,Thursday,Friday,Saturday,Sunday",@IkokoLagos,0,seed,mainland,false,,,,[object Object],,,,,,
9fa58deb-6d72-4352-b8ca-017de3ad7ac8,Iya Eba,Agege,66666666-6666-6666-6666-666666666666,"Foodie,Quick",2000,[object Object],true,2025-01-01T00:00:00,manual,false,restaurant,true,1,agege,local-buka,1,mixed,afternoon,"Monday,Tuesday,Wednesday,Thursday,Friday,Saturday,Sunday",,0,seed,mainland,false,,,,[object Object],,,,,,
bdb35960-5ca7-46b9-a08b-82d4a6d63239,Jafa Lounge & Grill,Ikeja,11111111-1111-1111-1111-111111111111,"Chill,Dinner,Date Night,Squad Linkup,Lounge,Party",30000,[object Object],true,2026-07-25T21:15:32.986241,manual_verification,false,restaurant,true,2,ikeja,,2,,,"Monday,Tuesday,Wednesday,Thursday,Friday,Saturday,Sunday",@jafaloungeikeja,0,owner_verified,mainland,false,,,,[object Object],,,,,,
2aad0c77-65bc-4e42-9af5-369f15d0007d,Jevinik Ikeja,"21, Isaac John Street, Ikeja GRA, Ikeja",11111111-1111-1111-1111-111111111111,"Chill,Dinner",25000,[object Object],true,2026-07-25T21:43:22.58448,manual,false,restaurant,true,2,ikeja,,2,,,"Monday,Tuesday,Wednesday,Thursday,Friday,Saturday,Sunday",,0,seed,mainland,false,,,,[object Object],,,,,,
b00bcefb-a904-4d26-bed8-856b5624c1d5,Jevinik Surulere,Surulere / Lagos (Jevinik known for Nigerian soups & local),44444444-4444-4444-4444-444444444444,"Chill,Dinner",25000,[object Object],true,2026-07-25T21:43:22.58448,manual,false,restaurant,true,2,surulere,,2,,,"Monday,Tuesday,Wednesday,Thursday,Friday,Saturday,Sunday",,0,seed,mainland,false,,,,[object Object],,,,,,
0b8b510e-781f-4bb7-aaa8-404b8a7bc09d,JJT Park,"Alausa, Ikeja",11111111-1111-1111-1111-111111111111,"Chill,Quick",1000,[object Object],true,2025-01-01T00:00:00,manual,false,nature,false,2,ikeja,park,1,families,afternoon,"Monday,Tuesday,Wednesday,Thursday,Friday,Saturday,Sunday",,0,seed,mainland,false,,,,[object Object],,,,,,
edb7e87f-127c-4dd1-912f-e5b378af408e,Johnson Jakande Tinubu Park,"Alausa, Ikeja",11111111-1111-1111-1111-111111111111,"Chill,Dinner",3000,[object Object],true,2026-07-25T21:43:22.58448,manual,false,restaurant,true,2,ikeja,,2,,,"Monday,Tuesday,Wednesday,Thursday,Friday,Saturday,Sunday",,0,seed,mainland,false,,,,[object Object],,,,,,
ff0ded68-2cba-439c-a950-0676b2903c64,KFC Bode Thomas,"Bode Thomas area, Surulere, Lagos",44444444-4444-4444-4444-444444444444,"Chill,Dinner",25000,[object Object],true,2026-07-25T21:43:22.58448,manual,false,restaurant,true,2,surulere,,2,,,"Monday,Tuesday,Wednesday,Thursday,Friday,Saturday,Sunday",,0,seed,mainland,false,,,,[object Object],,,,,,
2ef2d52d-b0dd-4c4d-a449-a15bf2eac5e5,KFC Gbagada,Gbagada Phase 2,22222222-2222-2222-2222-222222222222,"Quick,Chill",4500,[object Object],true,2025-01-01T00:00:00,chowdeck,false,restaurant,true,1,gbagada,fast-food,2,families,afternoon,"Monday,Tuesday,Wednesday,Thursday,Friday,Saturday,Sunday",,0,seed,mainland,false,,,,[object Object],,,,,,
0864d2d9-a037-4937-b40e-ed91c7a6e2f4,Korner Lounge,Ikeja,11111111-1111-1111-1111-111111111111,"Chill,Dinner,Squad Linkup,Lounge,Party,Nature",25000,[object Object],true,2026-07-25T21:15:32.986241,manual_verification,false,restaurant,true,2,ikeja,,2,,,"Monday,Tuesday,Wednesday,Thursday,Friday,Saturday,Sunday",@kornerloungeikeja,0,owner_verified,mainland,false,,,,[object Object],,,,,,
4006d699-96f7-4f88-bb83-da0e6a58857c,Kulture yard,"2b, Abba Johnston crescent, Adeniyi jones, Ikeja",11111111-1111-1111-1111-111111111111,Unknown,10000,[object Object],false,2026-07-05T00:43:28.742,crowd,false,restaurant,true,2,ikeja,,2,,,"Monday,Tuesday,Wednesday,Thursday,Friday,Saturday,Sunday",,0,seed,mainland,false,,,,[object Object],,,,,,
6439f153-8f60-455e-965d-148aca2531de,Kulture Yard,Ikeja,11111111-1111-1111-1111-111111111111,"Chill,Dinner,Squad Linkup,Lounge,Party,Nature",25000,[object Object],true,2026-07-25T21:15:32.986241,manual_verification,false,restaurant,true,2,ikeja,,2,,,"Monday,Tuesday,Wednesday,Thursday,Friday,Saturday,Sunday",@kultureyard,0,owner_verified,mainland,false,,,,[object Object],,,,,,
1c610104-399d-432c-a206-0ec6fae79cdc,La Manga Lounge & Dining,Ikeja,11111111-1111-1111-1111-111111111111,"Chill,Dinner,Date Night,Squad Linkup,Lounge,Party",30000,[object Object],true,2026-07-25T21:15:32.986241,manual_verification,false,restaurant,true,2,ikeja,,2,,,"Monday,Tuesday,Wednesday,Thursday,Friday,Saturday,Sunday",@lamangagroup,0,owner_verified,mainland,false,,,,[object Object],,,,,,
73bd846d-6c56-4539-a790-442a9822452f,La Mango Restaurant & Lounge,Ikeja,11111111-1111-1111-1111-111111111111,"Chill,Dinner,Squad Linkup,Lounge,Party",25000,[object Object],true,2026-07-25T21:15:32.986241,manual_verification,false,restaurant,true,2,ikeja,,2,,,"Monday,Tuesday,Wednesday,Thursday,Friday,Saturday,Sunday",@lamangolagos,0,owner_verified,mainland,false,,,,[object Object],,,,,,
7254fafe-0d6f-4b66-b830-4c2e9a09064c,Legend Hotel Lounge,Ikeja,11111111-1111-1111-1111-111111111111,"Chill,Dinner,Date Night,Squad Linkup,Lounge,Party",45000,[object Object],true,2026-07-25T21:15:32.986241,manual_verification,false,restaurant,true,2,ikeja,,2,,,"Monday,Tuesday,Wednesday,Thursday,Friday,Saturday,Sunday",@legendhotelIkeja,0,owner_verified,mainland,false,,,,[object Object],,,,,,
2ca0c9aa-9c23-435c-8697-f121ad06b7aa,Leisure Mall Food Court,"Leisure Mall, Surulere",44444444-4444-4444-4444-444444444444,"Chill,Dinner",25000,[object Object],true,2026-07-25T21:43:22.58448,manual,false,restaurant,true,2,surulere,,2,,,"Monday,Tuesday,Wednesday,Thursday,Friday,Saturday,Sunday",,0,seed,mainland,false,,,,[object Object],,,,,,
b9ad4276-f140-41f8-91d8-df837c8d0263,Lounge 38 Surulere,Surulere,44444444-4444-4444-4444-444444444444,"Chill,Dinner,Squad Linkup,Lounge,Party",38,[object Object],true,2026-07-25T21:43:22.58448,manual,false,restaurant,true,2,surulere,,2,,,"Monday,Tuesday,Wednesday,Thursday,Friday,Saturday,Sunday",,0,seed,mainland,false,,,,[object Object],,,,,,
5b070a27-f6b0-4305-b417-b2db7a6d00dc,Masha Road Food Spots,"Along Masha Road, Surulere",44444444-4444-4444-4444-444444444444,"Chill,Dinner",25000,[object Object],true,2026-07-25T21:43:22.58448,manual,false,restaurant,true,2,surulere,,2,,,"Monday,Tuesday,Wednesday,Thursday,Friday,Saturday,Sunday",,0,seed,mainland,false,,,,[object Object],,,,,,
6f7dbe74-794d-4343-b195-5e45b9414765,Max Activity Ikeja,Ikeja,11111111-1111-1111-1111-111111111111,"Chill,Dinner,Date Night",30000,[object Object],true,2026-07-25T21:15:32.986241,manual_verification,false,restaurant,true,2,ikeja,,2,,,"Monday,Tuesday,Wednesday,Thursday,Friday,Saturday,Sunday",@maxactivitylagos,0,owner_verified,mainland,false,,,,[object Object],,,,,,
c0447548-748b-4ce2-a621-f94b1811de58,Mega Chicken Gbagada,Gbagada Expressway,22222222-2222-2222-2222-222222222222,"Foodie,Quick",6000,[object Object],true,2025-01-01T00:00:00,chowdeck,false,restaurant,true,1,gbagada,fast-food,2,families,afternoon,"Monday,Tuesday,Wednesday,Thursday,Friday,Saturday,Sunday",,0,seed,mainland,false,,,,[object Object],,,,,,
6e8a3bf4-0cd0-40f7-92bd-46526eb7a064,Metro Grill & Lounge,Ikeja,11111111-1111-1111-1111-111111111111,"Chill,Dinner,Squad Linkup,Lounge,Party",25000,[object Object],true,2026-07-25T21:15:32.986241,manual_verification,false,restaurant,true,2,ikeja,,2,,,"Monday,Tuesday,Wednesday,Thursday,Friday,Saturday,Sunday",@metrogrillikeja,0,owner_verified,mainland,false,,,,[object Object],,,,,,
ea019b83-0b9d-4afa-a4b3-a4acb7dfd63d,Mr Bigg's Surulere,Surulere,44444444-4444-4444-4444-444444444444,"Chill,Dinner",25000,[object Object],true,2026-07-25T21:43:22.58448,manual,false,restaurant,true,2,surulere,,2,,,"Monday,Tuesday,Wednesday,Thursday,Friday,Saturday,Sunday",,0,seed,mainland,false,,,,[object Object],,,,,,
44168405-7c30-4511-8a5b-d3a7acefab24,National Stadium Surulere,"National Stadium, Surulere, Lagos",44444444-4444-4444-4444-444444444444,"Chill,Dinner",25000,[object Object],true,2026-07-25T21:43:22.58448,manual,false,restaurant,true,2,surulere,,2,,,"Monday,Tuesday,Wednesday,Thursday,Friday,Saturday,Sunday",,0,seed,mainland,false,,,,[object Object],,,,,,
26587ac1-4510-46f2-b485-9adad610993c,Ndubuisi Kanu Park,"Alausa, Ikeja",11111111-1111-1111-1111-111111111111,"Chill,Dinner,Nature",3000,[object Object],true,2026-07-25T21:43:22.58448,manual,false,restaurant,true,2,ikeja,,2,,,"Monday,Tuesday,Wednesday,Thursday,Friday,Saturday,Sunday",,0,seed,mainland,false,,,,[object Object],,,,,,
b4492264-acdd-4076-9df2-292564167442,New Afrika Shrine,"Nerdc Road, Agidingbi/Ikeja;",11111111-1111-1111-1111-111111111111,"Chill,Dinner",12000,[object Object],true,2026-07-25T21:43:22.58448,manual,false,restaurant,true,2,ikeja,,2,,,"Monday,Tuesday,Wednesday,Thursday,Friday,Saturday,Sunday",,0,seed,mainland,false,,,,[object Object],,,,,,
638a222b-fc86-4622-83b6-f9fbdf970556,O'jez Restaurant Surulere,Surulere (limited public address),44444444-4444-4444-4444-444444444444,"Chill,Dinner",25000,[object Object],true,2026-07-25T21:43:22.58448,manual,false,restaurant,true,2,surulere,,2,,,"Monday,Tuesday,Wednesday,Thursday,Friday,Saturday,Sunday",,0,seed,mainland,false,,,,[object Object],,,,,,
c73dc2da-e873-4144-af45-636cf04e2861,Ocean Basket Ikeja,Ikeja City Mall,11111111-1111-1111-1111-111111111111,"Foodie,Party",18500,[object Object],true,2025-01-01T00:00:00,instagram,false,restaurant,true,2,ikeja,mid-range,3,families,evening,"Monday,Tuesday,Wednesday,Thursday,Friday,Saturday,Sunday",,0,seed,mainland,false,,,,[object Object],,,,,,
f7fdd9e6-8779-4a1a-9428-158e403043a5,OfadaBoy,"Surulere, Lagos (exact street limited in public sources)",44444444-4444-4444-4444-444444444444,"Chill,Dinner",25000,[object Object],true,2026-07-25T21:43:22.58448,manual,false,restaurant,true,2,surulere,,2,,,"Monday,Tuesday,Wednesday,Thursday,Friday,Saturday,Sunday",,0,seed,mainland,false,,,,[object Object],,,,,,
544a176b-d4d8-420d-a05e-1e7d74140b41,Orchid Bistro,"58a Isaac John St,Ikeja, Lagos",11111111-1111-1111-1111-111111111111,Unknown,27500,[object Object],false,2026-07-05T00:43:31.081,crowd,false,restaurant,true,2,ikeja,,2,,,"Monday,Tuesday,Wednesday,Thursday,Friday,Saturday,Sunday",,0,seed,mainland,false,,,,[object Object],,,,,,
e01e7e71-3384-47b8-b993-eb49219bc805,Oshey Café & Bar Ikeja,Ikeja,11111111-1111-1111-1111-111111111111,"Chill,Dinner,Squad Linkup,Lounge,Party",25000,[object Object],true,2026-07-25T21:15:32.986241,manual_verification,false,restaurant,true,2,ikeja,,2,,,"Monday,Tuesday,Wednesday,Thursday,Friday,Saturday,Sunday",@osheycafebar,0,owner_verified,mainland,false,,,,[object Object],,,,,,
6a71980d-3cdd-49c4-bb1e-91a9c1a22f2e,Ouida Lagos,"34, Ajanaku Street, Off Salvation Road, Awuse Estate, Opebi, Ikeja",11111111-1111-1111-1111-111111111111,"Chill,Dinner",500,[object Object],true,2026-07-25T21:43:22.58448,manual,false,restaurant,true,2,ikeja,,2,,,"Monday,Tuesday,Wednesday,Thursday,Friday,Saturday,Sunday",@ouida_lagos,0,seed,mainland,false,,,,[object Object],,,,,,
49deff43-ce70-4025-89a8-fe00e30050f1,Paint & Sip Studio Ikeja,Ikeja,11111111-1111-1111-1111-111111111111,"Chill,Dinner",25000,[object Object],true,2026-07-25T21:15:32.986241,manual_verification,false,restaurant,true,2,ikeja,,2,,,"Monday,Tuesday,Wednesday,Thursday,Friday,Saturday,Sunday",@paintandsipikeja,0,owner_verified,mainland,false,,,,[object Object],,,,,,
c5c3a73f-eb8c-49c5-bf9c-4b45b61cb990,Pen Cinema,Agege,66666666-6666-6666-6666-666666666666,"Chill,Quick",4000,[object Object],true,2025-01-01T00:00:00,manual,false,entertainment,true,3,agege,cinema,2,mixed,evening,"Monday,Tuesday,Wednesday,Thursday,Friday,Saturday,Sunday",,0,seed,mainland,false,,,,[object Object],,,,,,
7d99f4fe-5feb-4dbd-af01-66796a5c0b05,Pitstop Ikeja,Ikeja,11111111-1111-1111-1111-111111111111,"Chill,Dinner,Brunch",25000,[object Object],true,2026-07-25T21:15:32.986241,manual_verification,false,restaurant,true,2,ikeja,,2,,,"Monday,Tuesday,Wednesday,Thursday,Friday,Saturday,Sunday",@pitstoplagos,0,owner_verified,mainland,false,,,,[object Object],,,,,,
578d430f-9bd1-4c9d-91ff-b92adf3bc40c,Pizza Hut Surulere,Surulere,44444444-4444-4444-4444-444444444444,"Chill,Dinner",25000,[object Object],true,2026-07-25T21:43:22.58448,manual,false,restaurant,true,2,surulere,,2,,,"Monday,Tuesday,Wednesday,Thursday,Friday,Saturday,Sunday",,0,seed,mainland,false,,,,[object Object],,,,,,
a17803a9-1587-40a9-918b-5b701f269fda,Placebo Restaurant and Bar,"51, Bashiru Shittu Avenue, Magodo, Ikosi Ketu",55555555-5555-5555-5555-555555555555,"Chill,Dinner",25000,[object Object],true,2026-07-25T21:43:22.58448,manual,false,restaurant,true,2,ogudu,,2,,,"Monday,Tuesday,Wednesday,Thursday,Friday,Saturday,Sunday",@placebolagos,0,seed,mainland,false,,,,[object Object],,,,,,
9bf34d42-5753-4f6f-b82d-c74f47363374,PlayZone Arcade Ikeja,Ikeja,11111111-1111-1111-1111-111111111111,"Chill,Dinner",20000,[object Object],true,2026-07-25T21:15:32.986241,manual_verification,false,restaurant,true,2,ikeja,,2,,,"Monday,Tuesday,Wednesday,Thursday,Friday,Saturday,Sunday",@playzoneIkeja,0,owner_verified,mainland,false,,,,[object Object],,,,,,
30575cc1-8d2e-4057-b0b6-93c96493dfbf,Rhapsody's Ikeja,Ikeja,11111111-1111-1111-1111-111111111111,"Chill,Dinner,Date Night,Squad Linkup,Lounge,Party",35000,[object Object],true,2026-07-25T21:15:32.986241,manual_verification,false,restaurant,true,2,ikeja,,2,,,"Monday,Tuesday,Wednesday,Thursday,Friday,Saturday,Sunday",@rhapsodysnigeria,0,owner_verified,mainland,false,,,,[object Object],,,,,,
21e085e6-3141-4485-bf8c-271d055d8af4,Rhapsody's Ikeja City Mall,"53-55, Sobo Arobiodu Street, Ikeja GRA, Ikeja;; & ;; Ikeja City Mall, Alausa - Ikeja",11111111-1111-1111-1111-111111111111,"Chill,Dinner,Squad Linkup,Lounge,Party",25000,[object Object],true,2026-07-25T21:43:22.58448,manual,false,restaurant,true,2,ikeja,,2,,,"Monday,Tuesday,Wednesday,Thursday,Friday,Saturday,Sunday",,0,seed,mainland,false,,,,[object Object],,,,,,
a203de98-a0a3-45cc-a36c-275a149744b7,Rodizzio Restaurant & Lounge,Ikeja,11111111-1111-1111-1111-111111111111,"Chill,Dinner,Date Night",30000,[object Object],true,2026-07-25T21:15:32.986241,manual_verification,false,restaurant,true,2,ikeja,,2,,,"Monday,Tuesday,Wednesday,Thursday,Friday,Saturday,Sunday",@rodizziolagos,0,owner_verified,mainland,false,,,,[object Object],,,,,,
08b0d141-daf9-4583-9432-bc81ef90bc38,Saffron Bistro Ikeja,Ikeja,11111111-1111-1111-1111-111111111111,"Chill,Dinner,Date Night",30000,[object Object],true,2026-07-25T21:15:32.986241,manual_verification,false,restaurant,true,2,ikeja,,2,,,"Monday,Tuesday,Wednesday,Thursday,Friday,Saturday,Sunday",@saffronbistroikeja,0,owner_verified,mainland,false,,,,[object Object],,,,,,
aac6ff5e-05b3-4084-96ea-eb09a1646b05,Saughtex Grills,"Falolu Street off Akerele Road, Surulere",44444444-4444-4444-4444-444444444444,Unknown,11000,[object Object],false,2026-07-05T00:43:28.526,crowd,false,restaurant,true,2,surulere,,2,,,"Monday,Tuesday,Wednesday,Thursday,Friday,Saturday,Sunday",,0,seed,mainland,false,,,,[object Object],,,,,,
75e5cd2e-b780-41d2-9bae-c7ccab42a622,Sheraton Lagos - Goodies Pub,"Sheraton Lagos Hotel, Mobolaji Bank Anthony Way, Ikeja",11111111-1111-1111-1111-111111111111,"Chill,Dinner,Date Night",35000,[object Object],true,2026-07-25T21:43:22.58448,manual,false,restaurant,true,2,ikeja,,2,,,"Monday,Tuesday,Wednesday,Thursday,Friday,Saturday,Sunday",,0,seed,mainland,false,,,,[object Object],,,,,,
44599a96-8470-48ff-84d4-33a9e3013fcd,Sheraton Lagos - La Giara,"Sheraton Lagos Hotel, Mobolaji Bank Anthony Way, Ikeja",11111111-1111-1111-1111-111111111111,"Chill,Dinner,Date Night",45000,[object Object],true,2026-07-25T21:43:22.58448,manual,false,restaurant,true,2,ikeja,,2,,,"Monday,Tuesday,Wednesday,Thursday,Friday,Saturday,Sunday",,0,seed,mainland,false,,,,[object Object],,,,,,
6c5407a9-b69a-43e2-80d2-95093ab10c78,Shodex Garden,Surulere (event/garden venue),44444444-4444-4444-4444-444444444444,"Chill,Dinner",25000,[object Object],true,2026-07-25T21:43:22.58448,manual,false,restaurant,true,2,surulere,,2,,,"Monday,Tuesday,Wednesday,Thursday,Friday,Saturday,Sunday",,0,seed,mainland,false,,,,[object Object],,,,,,
7ed1cb7a-6ae0-4b37-a91d-ba8eec07ee2f,Silverbird Cinemas Ikeja,"Ikeja City Mall, Alausa/Ikeja",11111111-1111-1111-1111-111111111111,"Chill,Dinner",12000,[object Object],true,2026-07-25T21:43:22.58448,manual,false,restaurant,true,2,ikeja,,2,,,"Monday,Tuesday,Wednesday,Thursday,Friday,Saturday,Sunday",,0,seed,mainland,false,,,,[object Object],,,,,,
432a5437-30a8-460d-995c-342b8e1fcf49,Silverbird VIP Lounge & Cinema,Ikeja,11111111-1111-1111-1111-111111111111,"Chill,Dinner",25000,[object Object],true,2026-07-25T21:15:32.986241,manual_verification,false,restaurant,true,2,ikeja,,2,,,"Monday,Tuesday,Wednesday,Thursday,Friday,Saturday,Sunday",@silverbirdcinemas,0,owner_verified,mainland,false,,,,[object Object],,,,,,
663f078c-8633-4932-a6cf-0c2e7a7c8224,Sky View Lounge Ikeja,Ikeja,11111111-1111-1111-1111-111111111111,"Chill,Dinner,Date Night,Squad Linkup,Lounge,Party",30000,[object Object],true,2026-07-25T21:15:32.986241,manual_verification,false,restaurant,true,2,ikeja,,2,,,"Monday,Tuesday,Wednesday,Thursday,Friday,Saturday,Sunday",@skyviewikeja,0,owner_verified,mainland,false,,,,[object Object],,,,,,
fe317ae1-7c03-41ca-8d4b-a7ac81776ac5,Slow Down Lounge & Rooftop,Ikeja,11111111-1111-1111-1111-111111111111,"Chill,Dinner,Date Night,Squad Linkup,Lounge,Party",30000,[object Object],true,2026-07-25T21:15:32.986241,manual_verification,false,restaurant,true,2,ikeja,,2,,,"Monday,Tuesday,Wednesday,Thursday,Friday,Saturday,Sunday",@slowdownikeja,0,owner_verified,mainland,false,,,,[object Object],,,,,,
a0e935d1-d8d7-43f7-8032-360dce1feee4,Spice Route Lounge Yaba,Ikeja,11111111-1111-1111-1111-111111111111,"Chill,Dinner,Squad Linkup,Lounge,Party",25000,[object Object],true,2026-07-25T21:15:32.986241,manual_verification,false,restaurant,true,2,ikeja,,2,,,"Monday,Tuesday,Wednesday,Thursday,Friday,Saturday,Sunday",@spicerouteyaba,0,owner_verified,mainland,false,,,,[object Object],,,,,,
e43d66d4-4e2b-4a93-90ef-1d3bbe1fbcb8,Sura Lounge & Restaurant,Ikeja,11111111-1111-1111-1111-111111111111,"Chill,Dinner,Date Night,Squad Linkup,Lounge,Party,Fine Dining",35000,[object Object],true,2026-07-25T21:15:32.986241,manual_verification,false,restaurant,true,2,ikeja,,2,,,"Monday,Tuesday,Wednesday,Thursday,Friday,Saturday,Sunday",@suraloungeikeja,0,owner_verified,mainland,false,,,,[object Object],,,,,,
73cad35f-710e-4063-a5f1-0ab58b89e083,Sweet Kiwi Lounge & Cafe,Ikeja,11111111-1111-1111-1111-111111111111,"Chill,Dinner,Squad Linkup,Lounge,Party",20000,[object Object],true,2026-07-25T21:15:32.986241,manual_verification,false,restaurant,true,2,ikeja,,2,,,"Monday,Tuesday,Wednesday,Thursday,Friday,Saturday,Sunday",@sweetkiwing,0,owner_verified,mainland,false,,,,[object Object],,,,,,
8062a67f-9af6-49c8-8955-bd39090603e4,Sweet Sensation Agege,Agege,66666666-6666-6666-6666-666666666666,"Quick,Chill",3500,[object Object],true,2025-01-01T00:00:00,chowdeck,false,restaurant,true,1,agege,fast-food,2,families,afternoon,"Monday,Tuesday,Wednesday,Thursday,Friday,Saturday,Sunday",,0,seed,mainland,false,,,,[object Object],,,,,,
87b7b71d-1766-4de1-a891-73960c5af564,Sweet Sensation Surulere,Surulere,44444444-4444-4444-4444-444444444444,"Chill,Dinner",25000,[object Object],true,2026-07-25T21:43:22.58448,manual,false,restaurant,true,2,surulere,,2,,,"Monday,Tuesday,Wednesday,Thursday,Friday,Saturday,Sunday",,0,seed,mainland,false,,,,[object Object],,,,,,
01c2ba82-0306-44d3-bfa7-183368a4d20a,Tastee Fried Chicken Ikeja,Ikeja;  exact branch,11111111-1111-1111-1111-111111111111,"Chill,Dinner",9000,[object Object],true,2026-07-25T21:43:22.58448,manual,false,restaurant,true,2,ikeja,,2,,,"Monday,Tuesday,Wednesday,Thursday,Friday,Saturday,Sunday",,0,seed,mainland,false,,,,[object Object],,,,,,
69c61099-a129-4988-ba7a-8dd5d89da110,Tastee Fried Chicken Surulere,Surulere,44444444-4444-4444-4444-444444444444,"Chill,Dinner",25000,[object Object],true,2026-07-25T21:43:22.58448,manual,false,restaurant,true,2,surulere,,2,,,"Monday,Tuesday,Wednesday,Thursday,Friday,Saturday,Sunday",,0,seed,mainland,false,,,,[object Object],,,,,,
93145f0d-8594-4b0c-a077-bfa27d3952c4,Teslim Balogun Stadium,"Teslim Balogun Stadium, Surulere, Lagos",44444444-4444-4444-4444-444444444444,"Chill,Dinner",25000,[object Object],true,2026-07-25T21:43:22.58448,manual,false,restaurant,true,2,surulere,,2,,,"Monday,Tuesday,Wednesday,Thursday,Friday,Saturday,Sunday",,0,seed,mainland,false,,,,[object Object],,,,,,
d6376a19-e3b2-45f9-98b6-134f417059fd,The Azure Rooftop Bar,Ikeja,11111111-1111-1111-1111-111111111111,"Chill,Dinner,Date Night,Squad Linkup,Lounge,Party",45000,[object Object],true,2026-07-25T21:15:32.986241,manual_verification,false,restaurant,true,2,ikeja,,2,,,"Monday,Tuesday,Wednesday,Thursday,Friday,Saturday,Sunday",@legendhotelIkeja,0,owner_verified,mainland,false,,,,[object Object],,,,,,
da4ea9ff-410a-4c0a-93ba-62f7227374a7,The BHM Lounge,Ikeja,11111111-1111-1111-1111-111111111111,"Chill,Dinner,Date Night,Squad Linkup,Lounge,Party",35000,[object Object],true,2026-07-25T21:15:32.986241,manual_verification,false,restaurant,true,2,ikeja,,2,,,"Monday,Tuesday,Wednesday,Thursday,Friday,Saturday,Sunday",@bhmloungeikeja,0,owner_verified,mainland,false,,,,[object Object],,,,,,
c30d8e21-ff78-40b4-9b23-c9f06604357d,The Charcoal Grill Ikeja,Ikeja,11111111-1111-1111-1111-111111111111,"Chill,Dinner,Date Night,Squad Linkup,Lounge,Party",35000,[object Object],true,2026-07-25T21:15:32.986241,manual_verification,false,restaurant,true,2,ikeja,,2,,,"Monday,Tuesday,Wednesday,Thursday,Friday,Saturday,Sunday",@charcoalgrilllagos,0,owner_verified,mainland,false,,,,[object Object],,,,,,
66cf32c8-eae9-4367-aa71-120939c3eaad,The Corner Grill & Lounge,Ikeja,11111111-1111-1111-1111-111111111111,"Chill,Dinner,Squad Linkup,Lounge,Party",25000,[object Object],true,2026-07-25T21:15:32.986241,manual_verification,false,restaurant,true,2,ikeja,,2,,,"Monday,Tuesday,Wednesday,Thursday,Friday,Saturday,Sunday",@thecornerikeja,0,owner_verified,mainland,false,,,,[object Object],,,,,,
d9ee8c65-91b2-40b8-a3d4-47b306c94935,The Cube Ikeja,Ikeja,11111111-1111-1111-1111-111111111111,"Chill,Dinner,Date Night,Squad Linkup,Lounge,Party",30000,[object Object],true,2026-07-25T21:15:32.986241,manual_verification,false,restaurant,true,2,ikeja,,2,,,"Monday,Tuesday,Wednesday,Thursday,Friday,Saturday,Sunday",@thecubeikeja,0,owner_verified,mainland,false,,,,[object Object],,,,,,
24a7bb02-5c67-4bdd-8a5b-966616bfcfb2,The Glasshouse Lounge Yaba,Ikeja,11111111-1111-1111-1111-111111111111,"Chill,Dinner,Squad Linkup,Lounge,Party",25000,[object Object],true,2026-07-25T21:15:32.986241,manual_verification,false,restaurant,true,2,ikeja,,2,,,"Monday,Tuesday,Wednesday,Thursday,Friday,Saturday,Sunday",@glasshouseyaba,0,owner_verified,mainland,false,,,,[object Object],,,,,,
b45c23b1-5a6e-4e22-a3eb-84ae1b09839f,The House of Clay Studio,Ikeja,11111111-1111-1111-1111-111111111111,"Chill,Dinner",20000,[object Object],true,2026-07-25T21:15:32.986241,manual_verification,false,restaurant,true,2,ikeja,,2,,,"Monday,Tuesday,Wednesday,Thursday,Friday,Saturday,Sunday",@houseofclaylagos,0,owner_verified,mainland,false,,,,[object Object],,,,,,
9c909782-bb57-41ba-aeac-80256e5ab29d,The Orchid Bistro Express,Ikeja,11111111-1111-1111-1111-111111111111,"Chill,Dinner,Nature,Brunch",25000,[object Object],true,2026-07-25T21:15:32.986241,manual_verification,false,restaurant,true,2,ikeja,,2,,,"Monday,Tuesday,Wednesday,Thursday,Friday,Saturday,Sunday",@theorchidbistro,0,owner_verified,mainland,false,,,,[object Object],,,,,,
54318b5c-9854-45db-b38d-436d8c3712b1,The Orchid Bistro Ikeja,"58A Isaac John Street, Ikeja GRA, Ikeja",11111111-1111-1111-1111-111111111111,"Chill,Dinner,Date Night,Nature,Brunch",30000,[object Object],true,2026-07-25T21:43:22.58448,manual,false,restaurant,true,2,ikeja,,2,,,"Monday,Tuesday,Wednesday,Thursday,Friday,Saturday,Sunday",@theorchidbistro,0,seed,mainland,false,,,,[object Object],,,,,,
0faf2a69-12cc-43b5-887c-9670d6cbb78d,The Palms Lounge & Bar,Ikeja,11111111-1111-1111-1111-111111111111,"Chill,Dinner,Squad Linkup,Lounge,Party",20000,[object Object],true,2026-07-25T21:15:32.986241,manual_verification,false,restaurant,true,2,ikeja,,2,,,"Monday,Tuesday,Wednesday,Thursday,Friday,Saturday,Sunday",@thepalmsyaba,0,owner_verified,mainland,false,,,,[object Object],,,,,,
5d31281b-c77f-4f5b-9213-407038b7f45b,The Place Ikeja,"45 Isaac John St, Ikeja",11111111-1111-1111-1111-111111111111,"Quick,Chill",4500,[object Object],true,2025-01-01T00:00:00,chowdeck,false,restaurant,true,1,ikeja,fast-food,2,mixed,afternoon,"Monday,Tuesday,Wednesday,Thursday,Friday,Saturday,Sunday",,0,seed,mainland,false,,,,[object Object],,,,,,
e217cab1-80de-4d59-bcf8-1b46913768b7,The Place Restaurant Surulere,Surulere (The Place has multiple Lagos locations),44444444-4444-4444-4444-444444444444,"Chill,Dinner",25000,[object Object],true,2026-07-25T21:43:22.58448,manual,false,restaurant,true,2,surulere,,2,,,"Monday,Tuesday,Wednesday,Thursday,Friday,Saturday,Sunday",,0,seed,mainland,false,,,,[object Object],,,,,,
e69c0f46-b7d3-4fad-987a-3f5c2e63e176,The Place VIP Lounge Ikeja,Ikeja,11111111-1111-1111-1111-111111111111,"Chill,Dinner,Squad Linkup,Lounge,Party",25000,[object Object],true,2026-07-25T21:15:32.986241,manual_verification,false,restaurant,true,2,ikeja,,2,,,"Monday,Tuesday,Wednesday,Thursday,Friday,Saturday,Sunday",@theplaceprive,0,owner_verified,mainland,false,,,,[object Object],,,,,,
c8a3f841-6434-4b72-bb97-256f4f38d8c6,The Safron Rooftop,Ikeja,11111111-1111-1111-1111-111111111111,"Chill,Dinner,Date Night,Squad Linkup,Lounge,Party",40000,[object Object],true,2026-07-25T21:15:32.986241,manual_verification,false,restaurant,true,2,ikeja,,2,,,"Monday,Tuesday,Wednesday,Thursday,Friday,Saturday,Sunday",@thesafronhotel,0,owner_verified,mainland,false,,,,[object Object],,,,,,
cc39e315-96f4-4c25-a5be-d15f13a0aa97,The Velvet Lounge Ikeja,Ikeja,11111111-1111-1111-1111-111111111111,"Chill,Dinner,Date Night,Squad Linkup,Lounge,Party",35000,[object Object],true,2026-07-25T21:15:32.986241,manual_verification,false,restaurant,true,2,ikeja,,2,,,"Monday,Tuesday,Wednesday,Thursday,Friday,Saturday,Sunday",@velvetloungeikeja,0,owner_verified,mainland,false,,,,[object Object],,,,,,
13a269d3-3a23-4dc2-91a0-01a5c66c6cbe,The VIP Room Ikeja,Ikeja,11111111-1111-1111-1111-111111111111,"Chill,Dinner,Date Night,Squad Linkup,Lounge,Party",40000,[object Object],true,2026-07-25T21:15:32.986241,manual_verification,false,restaurant,true,2,ikeja,,2,,,"Monday,Tuesday,Wednesday,Thursday,Friday,Saturday,Sunday",@theviproomikeja,0,owner_verified,mainland,false,,,,[object Object],,,,,,
ab4f26e1-ab61-46e4-8947-433fb106defa,Triple Oak Lounge,Ikeja,11111111-1111-1111-1111-111111111111,"Chill,Dinner,Date Night,Squad Linkup,Lounge,Party",30000,[object Object],true,2026-07-25T21:15:32.986241,manual_verification,false,restaurant,true,2,ikeja,,2,,,"Monday,Tuesday,Wednesday,Thursday,Friday,Saturday,Sunday",@tripleoakikeja,0,owner_verified,mainland,false,,,,[object Object],,,,,,
f65596bd-e166-4741-a8e6-60bffcd63481,University of Suya Allen,"Allen Avenue, Ikeja;  vendor",11111111-1111-1111-1111-111111111111,"Chill,Dinner",7000,[object Object],true,2026-07-25T21:43:22.58448,manual,false,restaurant,true,2,ikeja,,2,,,"Monday,Tuesday,Wednesday,Thursday,Friday,Saturday,Sunday",,0,seed,mainland,false,,,,[object Object],,,,,,
6b4e2c5b-4ff2-4c6d-abb6-74be352da4e4,Upbeat Ikeja Outpost,Ikeja,11111111-1111-1111-1111-111111111111,"Chill,Dinner",25000,[object Object],true,2026-07-25T21:15:32.986241,manual_verification,false,restaurant,true,2,ikeja,,2,,,"Monday,Tuesday,Wednesday,Thursday,Friday,Saturday,Sunday",@upbeatcentre,0,owner_verified,mainland,false,,,,[object Object],,,,,,
58cc6166-912f-4a6a-99a3-f9a7226a2876,Urban Grill Ikeja,Ikeja,11111111-1111-1111-1111-111111111111,"Chill,Dinner,Date Night",35000,[object Object],true,2026-07-25T21:15:32.986241,manual_verification,false,restaurant,true,2,ikeja,,2,,,"Monday,Tuesday,Wednesday,Thursday,Friday,Saturday,Sunday",@urbangrillikeja,0,owner_verified,mainland,false,,,,[object Object],,,,,,
7056b4bf-4203-41ed-a16a-6a9631236abe,VSP Restaurant & Lounge,Ikeja,11111111-1111-1111-1111-111111111111,"Chill,Dinner,Date Night,Squad Linkup,Lounge,Party",30000,[object Object],true,2026-07-25T21:15:32.986241,manual_verification,false,restaurant,true,2,ikeja,,2,,,"Monday,Tuesday,Wednesday,Thursday,Friday,Saturday,Sunday",@vsp.lagos,0,owner_verified,mainland,false,,,,[object Object],,,,,,
98d0a519-e1f4-4760-af5a-a4d3d4960345,Yellow Chilli,"35 Joel Ogunnaike St, Ikeja",11111111-1111-1111-1111-111111111111,"Dinner,Foodie,Party",12500,[object Object],true,2025-01-01T00:00:00,chowdeck,false,restaurant,true,2,ikeja,mid-range,3,young-professionals,evening,"Monday,Tuesday,Wednesday,Thursday,Friday,Saturday,Sunday",,0,seed,mainland,false,,,,[object Object],,,,,,
202cd306-982d-474e-876d-166ad659be39,Yellow Chilli Ikeja,"35, Joel Ogunaike Street, Ikeja GRA, Ikeja",11111111-1111-1111-1111-111111111111,"Chill,Dinner,Date Night,Squad Linkup,Lounge,Party",30000,[object Object],true,2026-07-25T21:43:22.58448,manual,false,restaurant,true,2,ikeja,,2,,,"Monday,Tuesday,Wednesday,Thursday,Friday,Saturday,Sunday",@yellowchilling,0,seed,mainland,false,,,,[object Object],,,,,,
97354c12-6112-4336-a531-859de7b70e22,Yellow Chilli Surulere,Surulere / Lagos (Yellow Chilli has known locations),44444444-4444-4444-4444-444444444444,"Chill,Dinner",25000,[object Object],true,2026-07-25T21:43:22.58448,manual,false,restaurant,true,2,surulere,,2,,,"Monday,Tuesday,Wednesday,Thursday,Friday,Saturday,Sunday",,0,seed,mainland,false,,,,[object Object],,,,,,
7045c187-576d-4ded-8cbd-2a9b31234bc8,Zen Bah Ikeja,Ikeja,11111111-1111-1111-1111-111111111111,"Chill,Dinner,Date Night,Squad Linkup,Lounge,Party",35000,[object Object],true,2026-07-25T21:15:32.986241,manual_verification,false,restaurant,true,2,ikeja,,2,,,"Monday,Tuesday,Wednesday,Thursday,Friday,Saturday,Sunday",@zenbahikeja,0,owner_verified,mainland,false,,,,[object Object],,,,,,
1ea1a681-18e3-4ebf-9971-747f40cdc460,Zen Garden Ikeja,Ikeja,11111111-1111-1111-1111-111111111111,"Chill,Dinner,Date Night,Fine Dining",35000,[object Object],true,2026-07-25T21:15:32.986241,manual_verification,false,restaurant,true,2,ikeja,,2,,,"Monday,Tuesday,Wednesday,Thursday,Friday,Saturday,Sunday",@zengardenlagos,0,owner_verified,mainland,false,,,,[object Object],,,,,,
1cb227d9-1ad7-4536-925e-b0f1515fef43,Landmark Beach,"Oniru, VI",88888888-8888-8888-8888-888888888888,"Party,Chill",3500,[object Object],true,2025-01-01T00:00:00,manual,false,beach,false,4,vi,beach,2,party-crowd,afternoon,"Monday,Tuesday,Wednesday,Thursday,Friday,Saturday,Sunday",,0,seed,waterfront,false,,,,[object Object],,,,,,